DATE,spindx
20070103,1416.60
20070104,1418.34
20070105,1409.71
20070108,1412.84
20070109,1412.11
20070110,1414.85
20070111,1423.82
20070112,1430.73
20070116,1431.90
20070117,1430.62
20070118,1426.37
20070119,1430.50
20070122,1422.95
20070123,1427.99
20070124,1440.13
20070125,1423.90
20070126,1422.18
20070129,1420.62
20070130,1428.82
20070131,1438.24
20070201,1445.94
20070202,1448.39
20070205,1446.99
20070206,1448.00
20070207,1450.02
20070208,1448.31
20070209,1438.06
20070212,1433.37
20070213,1444.26
20070214,1455.30
20070215,1456.81
20070216,1455.54
20070220,1459.68
20070221,1457.63
20070222,1456.38
20070223,1451.19
20070226,1449.37
20070227,1399.04
20070228,1406.82
20070301,1403.17
20070302,1387.17
20070305,1374.12
20070306,1395.41
20070307,1391.97
20070308,1401.89
20070309,1402.85
20070312,1406.60
20070313,1377.95
20070314,1387.17
20070315,1392.28
20070316,1386.95
20070319,1402.06
20070320,1410.94
20070321,1435.04
20070322,1434.54
20070323,1436.11
20070326,1437.50
20070327,1428.61
20070328,1417.23
20070329,1422.53
20070330,1420.86
20070402,1424.55
20070403,1437.77
20070404,1439.37
20070405,1443.76
20070409,1444.61
20070410,1448.39
20070411,1438.87
20070412,1447.80
20070413,1452.85
20070416,1468.47
20070417,1471.48
20070418,1472.50
20070419,1470.73
20070420,1484.35
20070423,1480.93
20070424,1480.41
20070425,1495.42
20070426,1494.25
20070427,1494.07
20070430,1482.37
20070501,1486.30
20070502,1495.92
20070503,1502.39
20070504,1505.62
20070507,1509.48
20070508,1507.72
20070509,1512.58
20070510,1491.47
20070511,1505.85
20070514,1503.15
20070515,1501.19
20070516,1514.14
20070517,1512.75
20070518,1522.75
20070521,1525.10
20070522,1524.12
20070523,1522.28
20070524,1507.51
20070525,1515.73
20070529,1518.11
20070530,1530.23
20070531,1530.62
20070601,1536.34
20070604,1539.18
20070605,1530.95
20070606,1517.38
20070607,1490.72
20070608,1507.67
20070611,1509.12
20070612,1493.00
20070613,1515.67
20070614,1522.97
20070615,1532.91
20070618,1531.05
20070619,1533.70
20070620,1512.84
20070621,1522.19
20070622,1502.56
20070625,1497.74
20070626,1492.89
20070627,1506.34
20070628,1505.71
20070629,1503.35
20070702,1519.43
20070703,1524.87
20070705,1525.40
20070706,1530.44
20070709,1531.85
20070710,1510.12
20070711,1518.76
20070712,1547.70
20070713,1552.50
20070716,1549.52
20070717,1549.37
20070718,1546.17
20070719,1553.08
20070720,1534.10
20070723,1541.57
20070724,1511.04
20070725,1518.09
20070726,1482.66
20070727,1458.95
20070730,1473.91
20070731,1455.27
20070801,1465.81
20070802,1472.20
20070803,1433.06
20070806,1467.67
20070807,1476.71
20070808,1497.49
20070809,1453.09
20070810,1453.64
20070813,1452.92
20070814,1426.54
20070815,1406.70
20070816,1411.27
20070817,1445.94
20070820,1445.55
20070821,1447.12
20070822,1464.07
20070823,1462.50
20070824,1479.37
20070827,1466.79
20070828,1432.36
20070829,1463.76
20070830,1457.64
20070831,1473.99
20070904,1489.42
20070905,1472.29
20070906,1478.55
20070907,1453.55
20070910,1451.70
20070911,1471.49
20070912,1471.56
20070913,1483.95
20070914,1484.25
20070917,1476.65
20070918,1519.78
20070919,1529.03
20070920,1518.75
20070921,1525.75
20070924,1517.73
20070925,1517.21
20070926,1525.42
20070927,1531.38
20070928,1526.75
20071001,1547.04
20071002,1546.63
20071003,1539.59
20071004,1542.84
20071005,1557.59
20071008,1552.58
20071009,1565.15
20071010,1562.47
20071011,1554.41
20071012,1561.80
20071015,1548.71
20071016,1538.53
20071017,1541.24
20071018,1540.08
20071019,1500.63
20071022,1506.33
20071023,1519.59
20071024,1515.88
20071025,1514.40
20071026,1535.28
20071029,1540.98
20071030,1531.02
20071031,1549.38
20071101,1508.44
20071102,1509.65
20071105,1502.17
20071106,1520.27
20071107,1475.62
20071108,1474.77
20071109,1453.70
20071112,1439.18
20071113,1481.05
20071114,1470.58
20071115,1451.15
20071116,1458.74
20071119,1433.27
20071120,1439.70
20071121,1416.77
20071123,1440.70
20071126,1407.22
20071127,1428.23
20071128,1469.02
20071129,1469.72
20071130,1481.14
20071203,1472.42
20071204,1462.79
20071205,1485.01
20071206,1507.34
20071207,1504.66
20071210,1515.96
20071211,1477.65
20071212,1486.59
20071213,1488.41
20071214,1467.95
20071217,1445.90
20071218,1454.98
20071219,1453.00
20071220,1460.12
20071221,1484.46
20071224,1496.45
20071226,1497.66
20071227,1476.37
20071228,1478.49
20071231,1468.36
20080102,1447.16
20080103,1447.16
20080104,1411.63
20080107,1416.18
20080108,1390.19
20080109,1409.13
20080110,1420.33
20080111,1401.02
20080114,1416.25
20080115,1380.95
20080116,1373.20
20080117,1333.25
20080118,1325.19
20080122,1310.50
20080123,1338.60
20080124,1352.07
20080125,1330.61
20080128,1353.97
20080129,1362.30
20080130,1355.81
20080131,1378.55
20080201,1395.42
20080204,1380.82
20080205,1336.64
20080206,1326.45
20080207,1336.91
20080208,1331.29
20080211,1339.13
20080212,1348.86
20080213,1367.21
20080214,1348.86
20080215,1349.99
20080219,1348.78
20080220,1360.03
20080221,1342.53
20080222,1353.11
20080225,1371.80
20080226,1381.29
20080227,1380.02
20080228,1367.68
20080229,1330.63
20080303,1331.34
20080304,1326.75
20080305,1333.70
20080306,1304.34
20080307,1293.37
20080310,1273.37
20080311,1320.65
20080312,1308.77
20080313,1315.48
20080314,1288.14
20080317,1276.60
20080318,1330.74
20080319,1298.42
20080320,1329.51
20080324,1349.88
20080325,1352.99
20080326,1341.13
20080327,1325.76
20080328,1315.22
20080331,1322.70
20080401,1370.18
20080402,1367.53
20080403,1369.31
20080404,1370.40
20080407,1372.54
20080408,1365.54
20080409,1354.49
20080410,1360.55
20080411,1332.83
20080414,1328.32
20080415,1334.43
20080416,1364.71
20080417,1365.56
20080418,1390.33
20080421,1388.17
20080422,1375.94
20080423,1379.93
20080424,1388.82
20080425,1397.84
20080428,1396.37
20080429,1390.94
20080430,1385.59
20080501,1409.34
20080502,1413.90
20080505,1407.49
20080506,1418.26
20080507,1392.57
20080508,1397.68
20080509,1388.28
20080512,1403.58
20080513,1403.04
20080514,1408.66
20080515,1423.57
20080516,1425.35
20080519,1426.63
20080520,1413.40
20080521,1390.71
20080522,1394.35
20080523,1375.93
20080527,1385.35
20080528,1390.84
20080529,1398.26
20080530,1400.38
20080602,1385.67
20080603,1377.65
20080604,1377.20
20080605,1404.05
20080606,1360.68
20080609,1361.76
20080610,1358.44
20080611,1335.49
20080612,1339.87
20080613,1360.03
20080616,1360.14
20080617,1350.93
20080618,1337.81
20080619,1342.83
20080620,1317.93
20080623,1318.00
20080624,1314.29
20080625,1321.97
20080626,1283.15
20080627,1278.38
20080630,1280.00
20080701,1284.91
20080702,1261.52
20080703,1262.90
20080707,1252.31
20080708,1273.70
20080709,1244.69
20080710,1253.39
20080711,1239.49
20080714,1228.30
20080715,1214.91
20080716,1245.36
20080717,1260.32
20080718,1260.68
20080721,1260.00
20080722,1277.00
20080723,1282.19
20080724,1252.54
20080725,1257.76
20080728,1234.37
20080729,1263.20
20080730,1284.26
20080731,1267.38
20080801,1260.31
20080804,1249.01
20080805,1284.88
20080806,1289.19
20080807,1266.07
20080808,1296.32
20080811,1305.32
20080812,1289.59
20080813,1285.83
20080814,1292.93
20080815,1298.20
20080818,1278.60
20080819,1266.69
20080820,1274.54
20080821,1277.72
20080822,1292.20
20080825,1266.84
20080826,1271.51
20080827,1281.66
20080828,1300.68
20080829,1282.83
20080902,1277.58
20080903,1274.98
20080904,1236.83
20080905,1242.31
20080908,1267.79
20080909,1224.51
20080910,1232.04
20080911,1249.05
20080912,1251.70
20080915,1192.70
20080916,1213.59
20080917,1156.39
20080918,1206.51
20080919,1255.08
20080922,1207.09
20080923,1188.22
20080924,1185.87
20080925,1209.18
20080926,1213.01
20080929,1106.39
20080930,1166.36
20081001,1161.06
20081002,1114.28
20081003,1099.23
20081006,1056.89
20081007,996.23
20081008,984.94
20081009,909.92
20081010,899.22
20081013,1003.35
20081014,998.01
20081015,907.84
20081016,946.43
20081017,940.55
20081020,985.40
20081021,955.05
20081022,896.78
20081023,908.11
20081024,876.77
20081027,848.92
20081028,940.51
20081029,930.09
20081030,954.09
20081031,968.75
20081103,966.30
20081104,1005.75
20081105,952.77
20081106,904.88
20081107,930.99
20081110,919.21
20081111,898.95
20081112,852.30
20081113,911.29
20081114,873.29
20081117,850.75
20081118,859.12
20081119,806.58
20081120,752.44
20081121,800.03
20081124,851.81
20081125,857.39
20081126,887.68
20081128,896.24
20081201,816.21
20081202,848.81
20081203,870.74
20081204,845.22
20081205,876.07
20081208,909.70
20081209,888.67
20081210,899.24
20081211,873.59
20081212,879.73
20081215,868.57
20081216,913.18
20081217,904.42
20081218,885.28
20081219,887.88
20081222,871.63
20081223,863.16
20081224,868.15
20081226,872.80
20081229,869.42
20081230,890.64
20081231,903.25
20090102,931.80
20090105,927.45
20090106,934.70
20090107,906.65
20090108,909.73
20090109,890.35
20090112,870.26
20090113,871.79
20090114,842.62
20090115,843.74
20090116,850.12
20090120,805.22
20090121,840.24
20090122,827.50
20090123,831.95
20090126,836.57
20090127,845.71
20090128,874.09
20090129,845.14
20090130,825.88
20090202,825.44
20090203,838.51
20090204,832.23
20090205,845.85
20090206,868.60
20090209,869.89
20090210,827.16
20090211,833.74
20090212,835.19
20090213,826.84
20090217,789.17
20090218,788.42
20090219,778.94
20090220,770.05
20090223,743.33
20090224,773.14
20090225,764.90
20090226,752.83
20090227,735.09
20090302,700.82
20090303,696.33
20090304,712.87
20090305,682.55
20090306,683.38
20090309,676.53
20090310,719.60
20090311,721.36
20090312,750.74
20090313,756.55
20090316,753.89
20090317,778.12
20090318,794.35
20090319,784.04
20090320,768.54
20090323,822.92
20090324,806.12
20090325,813.88
20090326,832.86
20090327,815.94
20090330,787.53
20090331,797.87
20090401,811.08
20090402,834.38
20090403,842.50
20090406,835.48
20090407,815.55
20090408,825.16
20090409,856.56
20090413,858.73
20090414,841.50
20090415,852.06
20090416,865.30
20090417,869.60
20090420,832.39
20090421,850.08
20090422,843.55
20090423,851.92
20090424,866.23
20090427,857.51
20090428,855.16
20090429,873.64
20090430,872.81
20090501,877.52
20090504,907.24
20090505,903.80
20090506,919.53
20090507,907.39
20090508,929.23
20090511,909.24
20090512,908.35
20090513,883.92
20090514,893.07
20090515,882.88
20090518,909.71
20090519,908.13
20090520,903.47
20090521,888.33
20090522,887.00
20090526,910.33
20090527,893.06
20090528,906.83
20090529,919.14
20090601,942.87
20090602,944.74
20090603,931.76
20090604,942.46
20090605,940.09
20090608,939.14
20090609,942.43
20090610,939.15
20090611,944.89
20090612,946.21
20090615,923.72
20090616,911.97
20090617,910.71
20090618,918.37
20090619,921.23
20090622,893.04
20090623,895.10
20090624,900.94
20090625,920.26
20090626,918.90
20090629,927.23
20090630,919.32
20090701,923.33
20090702,896.42
20090706,898.72
20090707,881.03
20090708,879.56
20090709,882.68
20090710,879.13
20090713,901.05
20090714,905.84
20090715,932.68
20090716,940.74
20090717,940.38
20090720,951.13
20090721,954.58
20090722,954.07
20090723,976.29
20090724,979.26
20090727,982.18
20090728,979.62
20090729,975.15
20090730,986.75
20090731,987.48
20090803,1002.63
20090804,1005.65
20090805,1002.72
20090806,997.08
20090807,1010.48
20090810,1007.10
20090811,994.35
20090812,1005.81
20090813,1012.73
20090814,1004.09
20090817,979.73
20090818,989.67
20090819,996.46
20090820,1007.37
20090821,1026.13
20090824,1025.57
20090825,1028.00
20090826,1028.12
20090827,1030.98
20090828,1028.93
20090831,1020.62
20090901,998.04
20090902,994.75
20090903,1003.24
20090904,1016.40
20090908,1025.39
20090909,1033.37
20090910,1044.14
20090911,1042.73
20090914,1049.34
20090915,1052.63
20090916,1068.76
20090917,1065.49
20090918,1068.30
20090921,1064.66
20090922,1071.66
20090923,1060.87
20090924,1050.78
20090925,1044.38
20090928,1062.98
20090929,1060.61
20090930,1057.08
20091001,1029.85
20091002,1025.21
20091005,1040.46
20091006,1054.72
20091007,1057.58
20091008,1065.48
20091009,1071.49
20091012,1076.19
20091013,1073.19
20091014,1092.02
20091015,1096.56
20091016,1087.68
20091019,1097.91
20091020,1091.06
20091021,1081.40
20091022,1092.91
20091023,1079.60
20091026,1066.95
20091027,1063.41
20091028,1042.63
20091029,1066.11
20091030,1036.19
20091102,1042.88
20091103,1045.41
20091104,1046.50
20091105,1066.63
20091106,1069.30
20091109,1093.08
20091110,1093.01
20091111,1098.51
20091112,1087.24
20091113,1093.48
20091116,1109.30
20091117,1110.32
20091118,1109.80
20091119,1094.90
20091120,1091.38
20091123,1106.24
20091124,1105.65
20091125,1110.63
20091127,1091.49
20091130,1095.63
20091201,1108.86
20091202,1109.24
20091203,1099.92
20091204,1105.98
20091207,1103.25
20091208,1091.94
20091209,1095.95
20091210,1102.35
20091211,1106.41
20091214,1114.11
20091215,1107.93
20091216,1109.18
20091217,1096.08
20091218,1102.47
20091221,1114.05
20091222,1118.02
20091223,1120.59
20091224,1126.48
20091228,1127.78
20091229,1126.20
20091230,1126.42
20091231,1115.10
20100104,1132.99
20100105,1136.52
20100106,1137.14
20100107,1141.69
20100108,1144.98
20100111,1146.98
20100112,1136.22
20100113,1145.68
20100114,1148.46
20100115,1136.03
20100119,1150.23
20100120,1138.04
20100121,1116.48
20100122,1091.76
20100125,1096.78
20100126,1092.17
20100127,1097.50
20100128,1084.53
20100129,1073.87
20100201,1089.19
20100202,1103.32
20100203,1097.28
20100204,1063.11
20100205,1066.19
20100208,1056.74
20100209,1070.52
20100210,1068.13
20100211,1078.47
20100212,1075.51
20100216,1094.87
20100217,1099.51
20100218,1106.75
20100219,1109.17
20100222,1108.01
20100223,1094.60
20100224,1105.24
20100225,1102.94
20100226,1104.49
20100301,1115.71
20100302,1118.31
20100303,1118.79
20100304,1122.97
20100305,1138.70
20100308,1138.50
20100309,1140.45
20100310,1145.61
20100311,1150.24
20100312,1149.99
20100315,1150.51
20100316,1159.46
20100317,1166.21
20100318,1165.83
20100319,1159.90
20100322,1165.81
20100323,1174.17
20100324,1167.72
20100325,1165.73
20100326,1166.59
20100329,1173.22
20100330,1173.27
20100331,1169.43
20100401,1178.10
20100405,1187.44
20100406,1189.44
20100407,1182.45
20100408,1186.44
20100409,1194.37
20100412,1196.48
20100413,1197.30
20100414,1210.65
20100415,1211.67
20100416,1192.13
20100419,1197.52
20100420,1207.17
20100421,1205.94
20100422,1208.67
20100423,1217.28
20100426,1212.05
20100427,1183.71
20100428,1191.36
20100429,1206.78
20100430,1186.69
20100503,1202.26
20100504,1173.60
20100505,1165.90
20100506,1128.15
20100507,1110.88
20100510,1159.73
20100511,1155.79
20100512,1171.67
20100513,1157.44
20100514,1135.68
20100517,1136.94
20100518,1120.80
20100519,1115.05
20100520,1071.59
20100521,1087.69
20100524,1073.65
20100525,1074.03
20100526,1067.95
20100527,1103.06
20100528,1089.41
20100601,1070.71
20100602,1098.38
20100603,1102.83
20100604,1064.88
20100607,1050.47
20100608,1062.00
20100609,1055.69
20100610,1086.84
20100611,1091.60
20100614,1089.63
20100615,1115.23
20100616,1114.61
20100617,1116.04
20100618,1117.51
20100621,1113.20
20100622,1095.31
20100623,1092.04
20100624,1073.69
20100625,1076.76
20100628,1074.57
20100629,1041.24
20100630,1030.71
20100701,1027.37
20100702,1022.58
20100706,1028.06
20100707,1060.27
20100708,1070.25
20100709,1077.96
20100712,1078.75
20100713,1095.34
20100714,1095.17
20100715,1096.48
20100716,1064.88
20100719,1071.25
20100720,1083.48
20100721,1069.59
20100722,1093.67
20100723,1102.66
20100726,1115.01
20100727,1113.84
20100728,1106.13
20100729,1101.53
20100730,1101.60
20100802,1125.86
20100803,1120.46
20100804,1127.24
20100805,1125.81
20100806,1121.64
20100809,1127.79
20100810,1121.06
20100811,1089.47
20100812,1083.61
20100813,1079.25
20100816,1079.38
20100817,1092.54
20100818,1094.16
20100819,1075.63
20100820,1071.69
20100823,1067.36
20100824,1051.87
20100825,1055.33
20100826,1047.22
20100827,1064.59
20100830,1048.92
20100831,1049.33
20100901,1080.29
20100902,1090.10
20100903,1104.51
20100907,1091.84
20100908,1098.87
20100909,1104.18
20100910,1109.55
20100913,1121.90
20100914,1121.10
20100915,1125.07
20100916,1124.66
20100917,1125.59
20100920,1142.71
20100921,1139.78
20100922,1134.28
20100923,1124.83
20100924,1148.67
20100927,1142.16
20100928,1147.70
20100929,1144.73
20100930,1141.20
20101001,1146.24
20101004,1137.03
20101005,1160.75
20101006,1159.97
20101007,1158.06
20101008,1165.15
20101011,1165.32
20101012,1169.77
20101013,1178.10
20101014,1173.81
20101015,1176.19
20101018,1184.71
20101019,1165.90
20101020,1178.17
20101021,1180.26
20101022,1183.08
20101025,1185.62
20101026,1185.64
20101027,1182.45
20101028,1183.78
20101029,1183.26
20101101,1184.38
20101102,1193.57
20101103,1197.96
20101104,1221.06
20101105,1225.85
20101108,1223.25
20101109,1213.40
20101110,1218.71
20101111,1213.54
20101112,1199.21
20101115,1197.75
20101116,1178.34
20101117,1178.59
20101118,1196.69
20101119,1199.73
20101122,1197.84
20101123,1180.73
20101124,1198.35
20101126,1189.40
20101129,1187.76
20101130,1180.55
20101201,1206.07
20101202,1221.53
20101203,1224.71
20101206,1223.12
20101207,1223.75
20101208,1228.28
20101209,1233.00
20101210,1240.40
20101213,1240.46
20101214,1241.59
20101215,1235.23
20101216,1242.87
20101217,1243.91
20101220,1247.08
20101221,1254.60
20101222,1258.84
20101223,1256.77
20101227,1257.54
20101228,1258.51
20101229,1259.78
20101230,1257.88
20101231,1257.64
20110103,1271.87
20110104,1270.20
20110105,1276.56
20110106,1273.85
20110107,1271.50
20110110,1269.75
20110111,1274.48
20110112,1285.96
20110113,1283.76
20110114,1293.24
20110118,1295.02
20110119,1281.92
20110120,1280.26
20110121,1283.35
20110124,1290.84
20110125,1291.18
20110126,1296.63
20110127,1299.54
20110128,1276.34
20110131,1286.12
20110201,1307.59
20110202,1304.03
20110203,1307.10
20110204,1310.87
20110207,1319.05
20110208,1324.57
20110209,1320.88
20110210,1321.87
20110211,1329.15
20110214,1332.32
20110215,1328.01
20110216,1336.32
20110217,1340.43
20110218,1343.01
20110222,1315.44
20110223,1307.40
20110224,1306.10
20110225,1319.88
20110228,1327.22
20110301,1306.33
20110302,1308.44
20110303,1330.97
20110304,1321.15
20110307,1310.13
20110308,1321.82
20110309,1320.02
20110310,1295.11
20110311,1304.28
20110314,1296.39
20110315,1281.87
20110316,1256.88
20110317,1273.72
20110318,1279.20
20110321,1298.38
20110322,1293.77
20110323,1297.54
20110324,1309.66
20110325,1313.80
20110328,1310.19
20110329,1319.44
20110330,1328.26
20110331,1325.83
20110401,1332.41
20110404,1332.87
20110405,1332.63
20110406,1335.54
20110407,1333.51
20110408,1328.17
20110411,1324.46
20110412,1314.16
20110413,1314.41
20110414,1314.52
20110415,1319.68
20110418,1305.14
20110419,1312.62
20110420,1330.36
20110421,1337.38
20110425,1335.25
20110426,1347.24
20110427,1355.66
20110428,1360.48
20110429,1363.61
20110502,1361.22
20110503,1356.62
20110504,1347.32
20110505,1335.10
20110506,1340.20
20110509,1346.29
20110510,1357.16
20110511,1342.08
20110512,1348.65
20110513,1337.77
20110516,1329.47
20110517,1328.98
20110518,1340.68
20110519,1343.60
20110520,1333.27
20110523,1317.37
20110524,1316.28
20110525,1320.47
20110526,1325.69
20110527,1331.10
20110531,1345.20
20110601,1314.55
20110602,1312.94
20110603,1300.16
20110606,1286.17
20110607,1284.94
20110608,1279.56
20110609,1289.00
20110610,1270.98
20110613,1271.83
20110614,1287.87
20110615,1265.42
20110616,1267.64
20110617,1271.50
20110620,1278.36
20110621,1295.52
20110622,1287.14
20110623,1283.50
20110624,1268.45
20110627,1280.10
20110628,1296.67
20110629,1307.41
20110630,1320.64
20110701,1339.67
20110705,1337.88
20110706,1339.22
20110707,1353.22
20110708,1343.80
20110711,1319.49
20110712,1313.64
20110713,1317.72
20110714,1308.87
20110715,1316.14
20110718,1305.44
20110719,1326.73
20110720,1325.84
20110721,1343.80
20110722,1345.02
20110725,1337.43
20110726,1331.94
20110727,1304.89
20110728,1300.67
20110729,1292.28
20110801,1286.94
20110802,1254.05
20110803,1260.34
20110804,1200.07
20110805,1199.38
20110808,1119.46
20110809,1172.53
20110810,1120.76
20110811,1172.64
20110812,1178.81
20110815,1204.49
20110816,1192.76
20110817,1193.89
20110818,1140.65
20110819,1123.53
20110822,1123.82
20110823,1162.35
20110824,1177.60
20110825,1159.27
20110826,1176.80
20110829,1210.08
20110830,1212.92
20110831,1218.89
20110901,1204.42
20110902,1173.97
20110906,1165.24
20110907,1198.62
20110908,1185.90
20110909,1154.23
20110912,1162.27
20110913,1172.87
20110914,1188.68
20110915,1209.11
20110916,1216.01
20110919,1204.09
20110920,1202.09
20110921,1166.76
20110922,1129.56
20110923,1136.43
20110926,1162.95
20110927,1175.38
20110928,1151.06
20110929,1160.40
20110930,1131.42
20111003,1099.23
20111004,1123.95
20111005,1144.03
20111006,1164.97
20111007,1155.46
20111010,1194.89
20111011,1195.54
20111012,1207.25
20111013,1203.66
20111014,1224.58
20111017,1200.86
20111018,1225.38
20111019,1209.88
20111020,1215.39
20111021,1238.25
20111024,1254.19
20111025,1229.05
20111026,1242.00
20111027,1284.59
20111028,1285.09
20111031,1253.30
20111101,1218.28
20111102,1237.90
20111103,1261.15
20111104,1253.23
20111107,1261.12
20111108,1275.92
20111109,1229.10
20111110,1239.69
20111111,1263.85
20111114,1251.78
20111115,1257.81
20111116,1236.91
20111117,1216.13
20111118,1215.65
20111121,1192.98
20111122,1188.04
20111123,1161.79
20111125,1158.67
20111128,1192.55
20111129,1195.19
20111130,1246.96
20111201,1244.58
20111202,1244.28
20111205,1257.08
20111206,1258.47
20111207,1261.01
20111208,1234.35
20111209,1255.19
20111212,1236.47
20111213,1225.73
20111214,1211.82
20111215,1215.75
20111216,1219.66
20111219,1205.35
20111220,1241.30
20111221,1243.72
20111222,1254.00
20111223,1265.33
20111227,1265.43
20111228,1249.64
20111229,1263.02
20111230,1257.60
20120103,1277.06
20120104,1277.30
20120105,1281.06
20120106,1277.81
20120109,1280.70
20120110,1292.08
20120111,1292.48
20120112,1295.50
20120113,1289.09
20120117,1293.67
20120118,1308.04
20120119,1314.50
20120120,1315.38
20120123,1316.00
20120124,1314.65
20120125,1326.05
20120126,1318.43
20120127,1316.33
20120130,1313.01
20120131,1312.41
20120201,1324.09
20120202,1325.54
20120203,1344.90
20120206,1344.33
20120207,1347.05
20120208,1349.96
20120209,1351.95
20120210,1342.64
20120213,1351.77
20120214,1350.50
20120215,1343.23
20120216,1358.04
20120217,1361.23
20120221,1362.21
20120222,1357.66
20120223,1363.46
20120224,1365.74
20120227,1367.59
20120228,1372.18
20120229,1365.68
20120301,1374.09
20120302,1369.63
20120305,1364.33
20120306,1343.36
20120307,1352.63
20120308,1365.91
20120309,1370.87
20120312,1371.09
20120313,1395.95
20120314,1394.28
20120315,1402.60
20120316,1404.17
20120319,1409.75
20120320,1405.52
20120321,1402.89
20120322,1392.78
20120323,1397.11
20120326,1416.51
20120327,1412.52
20120328,1405.54
20120329,1403.28
20120330,1408.47
20120402,1419.04
20120403,1413.38
20120404,1398.96
20120405,1398.08
20120409,1382.20
20120410,1358.59
20120411,1368.71
20120412,1387.57
20120413,1370.26
20120416,1369.57
20120417,1390.78
20120418,1385.14
20120419,1376.92
20120420,1378.53
20120423,1366.94
20120424,1371.97
20120425,1390.69
20120426,1399.98
20120427,1403.36
20120430,1397.91
20120501,1405.82
20120502,1402.31
20120503,1391.57
20120504,1369.10
20120507,1369.58
20120508,1363.72
20120509,1354.58
20120510,1357.99
20120511,1353.39
20120514,1338.35
20120515,1330.66
20120516,1324.80
20120517,1304.86
20120518,1295.22
20120521,1315.99
20120522,1316.63
20120523,1318.86
20120524,1320.68
20120525,1317.82
20120529,1332.42
20120530,1313.32
20120531,1310.33
20120601,1278.04
20120604,1278.18
20120605,1285.50
20120606,1315.13
20120607,1314.99
20120608,1325.66
20120611,1308.93
20120612,1324.18
20120613,1314.88
20120614,1329.10
20120615,1342.84
20120618,1344.78
20120619,1357.98
20120620,1355.69
20120621,1325.51
20120622,1335.02
20120625,1313.72
20120626,1319.99
20120627,1331.85
20120628,1329.04
20120629,1362.16
20120702,1365.51
20120703,1374.02
20120705,1367.58
20120706,1354.68
20120709,1352.46
20120710,1341.47
20120711,1341.45
20120712,1334.76
20120713,1356.78
20120716,1353.64
20120717,1363.67
20120718,1372.78
20120719,1376.51
20120720,1362.66
20120723,1350.52
20120724,1338.31
20120725,1337.89
20120726,1360.02
20120727,1385.97
20120730,1385.30
20120731,1379.32
20120801,1375.14
20120802,1365.00
20120803,1390.99
20120806,1394.23
20120807,1401.35
20120808,1402.22
20120809,1402.80
20120810,1405.87
20120813,1404.11
20120814,1403.93
20120815,1405.53
20120816,1415.51
20120817,1418.16
20120820,1418.13
20120821,1413.17
20120822,1413.49
20120823,1402.08
20120824,1411.13
20120827,1410.44
20120828,1409.30
20120829,1410.49
20120830,1399.48
20120831,1406.58
20120904,1404.94
20120905,1403.44
20120906,1432.12
20120907,1437.92
20120910,1429.08
20120911,1433.56
20120912,1436.56
20120913,1459.99
20120914,1465.77
20120917,1461.19
20120918,1459.32
20120919,1461.05
20120920,1460.26
20120921,1460.15
20120924,1456.89
20120925,1441.59
20120926,1433.32
20120927,1447.15
20120928,1440.67
20121001,1444.49
20121002,1445.75
20121003,1450.99
20121004,1461.40
20121005,1460.93
20121008,1455.88
20121009,1441.48
20121010,1432.56
20121011,1432.84
20121012,1428.59
20121015,1440.13
20121016,1454.92
20121017,1460.91
20121018,1457.34
20121019,1433.19
20121022,1433.82
20121023,1413.11
20121024,1408.75
20121025,1412.97
20121026,1411.94
20121031,1412.16
20121101,1427.59
20121102,1414.20
20121105,1417.26
20121106,1428.39
20121107,1394.53
20121108,1377.51
20121109,1379.85
20121112,1380.03
20121113,1374.53
20121114,1355.49
20121115,1353.33
20121116,1359.88
20121119,1386.89
20121120,1387.81
20121121,1391.03
20121123,1409.15
20121126,1406.29
20121127,1398.94
20121128,1409.93
20121129,1415.95
20121130,1416.18
20121203,1409.46
20121204,1407.05
20121205,1409.28
20121206,1413.94
20121207,1418.07
20121210,1418.55
20121211,1427.84
20121212,1428.48
20121213,1419.45
20121214,1413.58
20121217,1430.36
20121218,1446.79
20121219,1435.81
20121220,1443.69
20121221,1430.15
20121224,1426.66
20121226,1419.83
20121227,1418.10
20121228,1402.43
20121231,1426.19
20130102,1462.42
20130103,1459.37
20130104,1466.47
20130107,1461.89
20130108,1457.15
20130109,1461.02
20130110,1472.12
20130111,1472.05
20130114,1470.68
20130115,1472.34
20130116,1472.63
20130117,1480.94
20130118,1485.98
20130122,1492.56
20130123,1494.81
20130124,1494.82
20130125,1502.96
20130128,1500.18
20130129,1507.84
20130130,1501.96
20130131,1498.11
20130201,1513.17
20130204,1495.71
20130205,1511.29
20130206,1512.12
20130207,1509.39
20130208,1517.93
20130211,1517.01
20130212,1519.43
20130213,1520.33
20130214,1521.38
20130215,1519.79
20130219,1530.94
20130220,1511.95
20130221,1502.42
20130222,1515.60
20130225,1487.85
20130226,1496.94
20130227,1515.99
20130228,1514.68
20130301,1518.20
20130304,1525.20
20130305,1539.79
20130306,1541.46
20130307,1544.26
20130308,1551.18
20130311,1556.22
20130312,1552.48
20130313,1554.52
20130314,1563.23
20130315,1560.70
20130318,1552.10
20130319,1548.34
20130320,1558.71
20130321,1545.80
20130322,1556.89
20130325,1551.69
20130326,1563.77
20130327,1562.85
20130328,1569.19
20130401,1562.17
20130402,1570.25
20130403,1553.69
20130404,1559.98
20130405,1553.28
20130408,1563.07
20130409,1568.61
20130410,1587.73
20130411,1593.37
20130412,1588.85
20130415,1552.36
20130416,1574.57
20130417,1552.01
20130418,1541.61
20130419,1555.25
20130422,1562.50
20130423,1578.78
20130424,1578.79
20130425,1585.16
20130426,1582.24
20130429,1593.61
20130430,1597.57
20130501,1582.70
20130502,1597.59
20130503,1614.42
20130506,1617.50
20130507,1625.96
20130508,1632.69
20130509,1626.67
20130510,1633.70
20130513,1633.77
20130514,1650.34
20130515,1658.78
20130516,1650.47
20130517,1667.47
20130520,1666.29
20130521,1669.16
20130522,1655.35
20130523,1650.51
20130524,1649.60
20130528,1660.06
20130529,1648.36
20130530,1654.41
20130531,1630.74
20130603,1640.42
20130604,1631.38
20130605,1608.90
20130606,1622.56
20130607,1643.38
20130610,1642.81
20130611,1626.13
20130612,1612.52
20130613,1636.36
20130614,1626.73
20130617,1639.04
20130618,1651.81
20130619,1628.93
20130620,1588.19
20130621,1592.43
20130624,1573.09
20130625,1588.03
20130626,1603.26
20130627,1613.20
20130628,1606.28
20130701,1614.96
20130702,1614.08
20130703,1615.41
20130705,1631.89
20130708,1640.46
20130709,1652.32
20130710,1652.62
20130711,1675.02
20130712,1680.19
20130715,1682.50
20130716,1676.26
20130717,1680.91
20130718,1689.37
20130719,1692.09
20130722,1695.53
20130723,1692.39
20130724,1685.94
20130725,1690.25
20130726,1691.65
20130729,1685.33
20130730,1685.96
20130731,1685.73
20130801,1706.87
20130802,1709.67
20130805,1707.14
20130806,1697.37
20130807,1690.91
20130808,1697.48
20130809,1691.42
20130812,1689.47
20130813,1694.16
20130814,1685.39
20130815,1661.32
20130816,1655.83
20130819,1646.06
20130820,1652.35
20130821,1642.80
20130822,1656.96
20130823,1663.50
20130826,1656.78
20130827,1630.48
20130828,1634.96
20130829,1638.17
20130830,1632.97
20130903,1639.77
20130904,1653.08
20130905,1655.08
20130906,1655.17
20130909,1671.71
20130910,1683.99
20130911,1689.13
20130912,1683.42
20130913,1687.99
20130916,1697.60
20130917,1704.76
20130918,1725.52
20130919,1722.34
20130920,1709.91
20130923,1701.84
20130924,1697.42
20130925,1692.77
20130926,1698.67
20130927,1691.75
20130930,1681.55
20131001,1695.00
20131002,1693.87
20131003,1678.66
20131004,1690.50
20131007,1676.12
20131008,1655.45
20131009,1656.40
20131010,1692.56
20131011,1703.20
20131014,1710.14
20131015,1698.06
20131016,1721.54
20131017,1733.15
20131018,1744.50
20131021,1744.66
20131022,1754.67
20131023,1746.38
20131024,1752.07
20131025,1759.77
20131028,1762.11
20131029,1771.95
20131030,1763.31
20131031,1756.54
20131101,1761.64
20131104,1767.93
20131105,1762.97
20131106,1770.49
20131107,1747.15
20131108,1770.61
20131111,1771.89
20131112,1767.69
20131113,1782.00
20131114,1790.62
20131115,1798.18
20131118,1791.53
20131119,1787.87
20131120,1781.37
20131121,1795.85
20131122,1804.76
20131125,1802.48
20131126,1802.75
20131127,1807.23
20131129,1805.81
20131202,1800.90
20131203,1795.15
20131204,1792.81
20131205,1785.03
20131206,1805.09
20131209,1808.37
20131210,1802.62
20131211,1782.22
20131212,1775.50
20131213,1775.32
20131216,1786.54
20131217,1781.00
20131218,1810.65
20131219,1809.60
20131220,1818.32
20131223,1827.99
20131224,1833.32
20131226,1842.02
20131227,1841.40
20131230,1841.07
20131231,1848.36
20140102,1831.98
20140103,1831.37
20140106,1826.77
20140107,1837.88
20140108,1837.49
20140109,1838.13
20140110,1842.37
20140113,1819.20
20140114,1838.88
20140115,1848.38
20140116,1845.89
20140117,1838.70
20140121,1843.80
20140122,1844.86
20140123,1828.46
20140124,1790.29
20140127,1781.56
20140128,1792.50
20140129,1774.20
20140130,1794.19
20140131,1782.59
20140203,1741.89
20140204,1755.20
20140205,1751.64
20140206,1773.43
20140207,1797.02
20140210,1799.84
20140211,1819.75
20140212,1819.26
20140213,1829.83
20140214,1838.63
20140218,1840.76
20140219,1828.75
20140220,1839.78
20140221,1836.25
20140224,1847.61
20140225,1845.12
20140226,1845.16
20140227,1854.29
20140228,1859.45
20140303,1845.73
20140304,1873.91
20140305,1873.81
20140306,1877.03
20140307,1878.04
20140310,1877.17
20140311,1867.63
20140312,1868.20
20140313,1846.34
20140314,1841.13
20140317,1858.83
20140318,1872.25
20140319,1860.77
20140320,1872.01
20140321,1866.52
20140324,1857.44
20140325,1865.62
20140326,1852.56
20140327,1849.04
20140328,1857.62
20140331,1872.34
20140401,1885.52
20140402,1890.90
20140403,1888.77
20140404,1865.09
20140407,1845.04
20140408,1851.96
20140409,1872.18
20140410,1833.08
20140411,1815.69
20140414,1830.61
20140415,1842.98
20140416,1862.31
20140417,1864.85
20140421,1871.89
20140422,1879.55
20140423,1875.39
20140424,1878.61
20140425,1863.40
20140428,1869.43
20140429,1878.33
20140430,1883.95
20140501,1883.68
20140502,1881.14
20140505,1884.66
20140506,1867.72
20140507,1878.21
20140508,1875.63
20140509,1878.48
20140512,1896.65
20140513,1897.45
20140514,1888.53
20140515,1870.85
20140516,1877.86
20140519,1885.08
20140520,1872.83
20140521,1888.03
20140522,1892.49
20140523,1900.53
20140527,1911.91
20140528,1909.78
20140529,1920.03
20140530,1923.57
20140602,1924.97
20140603,1924.24
20140604,1927.88
20140605,1940.46
20140606,1949.44
20140609,1951.27
20140610,1950.79
20140611,1943.89
20140612,1930.11
20140613,1936.16
20140616,1937.78
20140617,1941.99
20140618,1956.98
20140619,1959.48
20140620,1962.87
20140623,1962.61
20140624,1949.98
20140625,1959.53
20140626,1957.22
20140627,1960.96
20140630,1960.23
20140701,1973.32
20140702,1974.62
20140703,1985.44
20140707,1977.65
20140708,1963.71
20140709,1972.83
20140710,1964.68
20140711,1967.57
20140714,1977.10
20140715,1973.28
20140716,1981.57
20140717,1958.12
20140718,1978.22
20140721,1973.63
20140722,1983.53
20140723,1987.01
20140724,1987.98
20140725,1978.34
20140728,1978.91
20140729,1969.95
20140730,1970.07
20140731,1930.67
20140801,1925.15
20140804,1938.99
20140805,1920.21
20140806,1920.24
20140807,1909.57
20140808,1931.59
20140811,1936.92
20140812,1933.75
20140813,1946.72
20140814,1955.18
20140815,1955.06
20140818,1971.74
20140819,1981.60
20140820,1986.51
20140821,1992.37
20140822,1988.40
20140825,1997.92
20140826,2000.02
20140827,2000.12
20140828,1996.74
20140829,2003.37
20140902,2002.28
20140903,2000.72
20140904,1997.65
20140905,2007.71
20140908,2001.54
20140909,1988.44
20140910,1995.69
20140911,1997.45
20140912,1985.54
20140915,1984.13
20140916,1998.98
20140917,2001.57
20140918,2011.36
20140919,2010.40
20140922,1994.29
20140923,1982.77
20140924,1998.30
20140925,1965.99
20140926,1982.85
20140929,1977.80
20140930,1972.29
20141001,1946.16
20141002,1946.17
20141003,1967.90
20141006,1964.82
20141007,1935.10
20141008,1968.89
20141009,1928.21
20141010,1906.13
20141013,1874.74
20141014,1877.70
20141015,1862.49
20141016,1862.76
20141017,1886.76
20141020,1904.01
20141021,1941.28
20141022,1927.11
20141023,1950.82
20141024,1964.58
20141027,1961.63
20141028,1985.05
20141029,1982.30
20141030,1994.65
20141031,2018.05
20141103,2017.81
20141104,2012.10
20141105,2023.57
20141106,2031.21
20141107,2031.92
20141110,2038.26
20141111,2039.68
20141112,2038.25
20141113,2039.33
20141114,2039.82
20141117,2041.32
20141118,2051.80
20141119,2048.72
20141120,2052.75
20141121,2063.50
20141124,2069.41
20141125,2067.03
20141126,2072.83
20141128,2067.56
20141201,2053.44
20141202,2066.55
20141203,2074.33
20141204,2071.92
20141205,2075.37
20141208,2060.31
20141209,2059.82
20141210,2026.14
20141211,2035.33
20141212,2002.33
20141215,1989.63
20141216,1972.74
20141217,2012.89
20141218,2061.23
20141219,2070.65
20141222,2078.54
20141223,2082.17
20141224,2081.88
20141226,2088.77
20141229,2090.57
20141230,2080.35
20141231,2058.90
20150102,2058.20
20150105,2020.58
20150106,2002.61
20150107,2025.90
20150108,2062.14
20150109,2044.81
20150112,2028.26
20150113,2023.03
20150114,2011.27
20150115,1992.67
20150116,2019.42
20150120,2022.55
20150121,2032.12
20150122,2063.15
20150123,2051.82
20150126,2057.09
20150127,2029.55
20150128,2002.16
20150129,2021.25
20150130,1994.99
20150202,2020.85
20150203,2050.03
20150204,2041.51
20150205,2062.52
20150206,2055.47
20150209,2046.74
20150210,2068.59
20150211,2068.53
20150212,2088.48
20150213,2096.99
20150217,2100.34
20150218,2099.68
20150219,2097.45
20150220,2110.30
20150223,2109.66
20150224,2115.48
20150225,2113.86
20150226,2110.74
20150227,2104.50
20150302,2117.39
20150303,2107.78
20150304,2098.53
20150305,2101.04
20150306,2071.26
20150309,2079.43
20150310,2044.16
20150311,2040.24
20150312,2065.95
20150313,2053.40
20150316,2081.19
20150317,2074.28
20150318,2099.50
20150319,2089.27
20150320,2108.10
20150323,2104.42
20150324,2091.50
20150325,2061.05
20150326,2056.15
20150327,2061.02
20150330,2086.24
20150331,2067.89
20150401,2059.69
20150402,2066.96
20150406,2080.62
20150407,2076.33
20150408,2081.90
20150409,2091.18
20150410,2102.06
20150413,2092.43
20150414,2095.84
20150415,2106.63
20150416,2104.99
20150417,2081.18
20150420,2100.40
20150421,2097.29
20150422,2107.96
20150423,2112.93
20150424,2117.69
20150427,2108.92
20150428,2114.76
20150429,2106.85
20150430,2085.51
20150501,2108.29
20150504,2114.49
20150505,2089.46
20150506,2080.15
20150507,2088.00
20150508,2116.10
20150511,2105.33
20150512,2099.12
20150513,2098.48
20150514,2121.10
20150515,2122.73
20150518,2129.20
20150519,2127.83
20150520,2125.85
20150521,2130.82
20150522,2126.06
20150526,2104.20
20150527,2123.48
20150528,2120.79
20150529,2107.39
20150601,2111.73
20150602,2109.60
20150603,2114.07
20150604,2095.84
20150605,2092.83
20150608,2079.28
20150609,2080.15
20150610,2105.20
20150611,2108.86
20150612,2094.11
20150615,2084.43
20150616,2096.29
20150617,2100.44
20150618,2121.24
20150619,2109.99
20150622,2122.85
20150623,2124.20
20150624,2108.58
20150625,2102.31
20150626,2101.49
20150629,2057.64
20150630,2063.11
20150701,2077.42
20150702,2076.78
20150706,2068.76
20150707,2081.34
20150708,2046.68
20150709,2051.31
20150710,2076.62
20150713,2099.60
20150714,2108.95
20150715,2107.40
20150716,2124.29
20150717,2126.64
20150720,2128.28
20150721,2119.21
20150722,2114.15
20150723,2102.15
20150724,2079.65
20150727,2067.64
20150728,2093.25
20150729,2108.57
20150730,2108.63
20150731,2103.84
20150803,2098.04
20150804,2093.32
20150805,2099.84
20150806,2083.56
20150807,2077.57
20150810,2104.18
20150811,2084.07
20150812,2086.05
20150813,2083.39
20150814,2091.54
20150817,2102.44
20150818,2096.92
20150819,2079.61
20150820,2035.73
20150821,1970.89
20150824,1893.21
20150825,1867.61
20150826,1940.51
20150827,1987.66
20150828,1988.87
20150831,1972.18
20150901,1913.85
20150902,1948.86
20150903,1951.13
20150904,1921.22
20150908,1969.41
20150909,1942.04
20150910,1952.29
20150911,1961.05
20150914,1953.03
20150915,1978.09
20150916,1995.31
20150917,1990.20
20150918,1958.03
20150921,1966.97
20150922,1942.74
20150923,1938.76
20150924,1932.24
20150925,1931.34
20150928,1881.77
20150929,1884.09
20150930,1920.03
20151001,1923.82
20151002,1951.36
20151005,1987.05
20151006,1979.92
20151007,1995.83
20151008,2013.43
20151009,2014.89
20151012,2017.46
20151013,2003.69
20151014,1994.24
20151015,2023.86
20151016,2033.11
20151019,2033.66
20151020,2030.77
20151021,2018.94
20151022,2052.51
20151023,2075.15
20151026,2071.18
20151027,2065.89
20151028,2090.35
20151029,2089.41
20151030,2079.36
20151102,2104.05
20151103,2109.79
20151104,2102.31
20151105,2099.93
20151106,2099.20
20151109,2078.58
20151110,2081.72
20151111,2075.00
20151112,2045.97
20151113,2023.04
20151116,2053.19
20151117,2050.44
20151118,2083.58
20151119,2081.24
20151120,2089.17
20151123,2086.59
20151124,2089.14
20151125,2088.87
20151127,2090.11
20151130,2080.41
20151201,2102.63
20151202,2079.51
20151203,2049.62
20151204,2091.69
20151207,2077.07
20151208,2063.59
20151209,2047.62
20151210,2052.23
20151211,2012.37
20151214,2021.94
20151215,2043.41
20151216,2073.07
20151217,2041.89
20151218,2005.55
20151221,2021.15
20151222,2038.97
20151223,2064.29
20151224,2060.99
20151228,2056.50
20151229,2078.36
20151230,2063.36
20151231,2043.94
20160104,2012.66
20160105,2016.71
20160106,1990.26
20160107,1943.09
20160108,1922.03
20160111,1923.67
20160112,1938.68
20160113,1890.28
20160114,1921.84
20160115,1880.33
20160119,1881.33
20160120,1859.33
20160121,1868.99
20160122,1906.90
20160125,1877.08
20160126,1903.63
20160127,1882.95
20160128,1893.36
20160129,1940.24
20160201,1939.38
20160202,1903.03
20160203,1912.53
20160204,1915.45
20160205,1880.05
20160208,1853.44
20160209,1852.21
20160210,1851.86
20160211,1829.08
20160212,1864.78
20160216,1895.58
20160217,1926.82
20160218,1917.83
20160219,1917.78
20160222,1945.50
20160223,1921.27
20160224,1929.80
20160225,1951.70
20160226,1948.05
20160229,1932.23
20160301,1978.35
20160302,1986.45
20160303,1993.40
20160304,1999.99
20160307,2001.76
20160308,1979.26
20160309,1989.26
20160310,1989.57
20160311,2022.19
20160314,2019.64
20160315,2015.93
20160316,2027.22
20160317,2040.59
20160318,2049.58
20160321,2051.60
20160322,2049.80
20160323,2036.71
20160324,2035.94
20160328,2037.05
20160329,2055.01
20160330,2063.95
20160331,2059.74
20160401,2072.78
20160404,2066.13
20160405,2045.17
20160406,2066.66
20160407,2041.91
20160408,2047.60
20160411,2041.99
20160412,2061.72
20160413,2082.42
20160414,2082.78
20160415,2080.73
20160418,2094.34
20160419,2100.80
20160420,2102.40
20160421,2091.48
20160422,2091.58
20160425,2087.79
20160426,2091.70
20160427,2095.15
20160428,2075.81
20160429,2065.30
20160502,2081.43
20160503,2063.37
20160504,2051.12
20160505,2050.63
20160506,2057.14
20160509,2058.69
20160510,2084.39
20160511,2064.46
20160512,2064.11
20160513,2046.61
20160516,2066.66
20160517,2047.21
20160518,2047.63
20160519,2040.04
20160520,2052.32
20160523,2048.04
20160524,2076.06
20160525,2090.54
20160526,2090.10
20160527,2099.06
20160531,2096.96
20160601,2099.33
20160602,2105.26
20160603,2099.13
20160606,2109.41
20160607,2112.13
20160608,2119.12
20160609,2115.48
20160610,2096.07
20160613,2079.06
20160614,2075.32
20160615,2071.50
20160616,2077.99
20160617,2071.22
20160620,2083.25
20160621,2088.90
20160622,2085.45
20160623,2113.32
20160624,2037.41
20160627,2000.54
20160628,2036.09
20160629,2070.77
20160630,2098.86
20160701,2102.95
20160705,2088.55
20160706,2099.73
20160707,2097.90
20160708,2129.90
20160711,2137.16
20160712,2152.14
20160713,2152.43
20160714,2163.75
20160715,2161.74
20160718,2166.89
20160719,2163.78
20160720,2173.02
20160721,2165.17
20160722,2175.03
20160725,2168.48
20160726,2169.18
20160727,2166.58
20160728,2170.06
20160729,2173.60
20160801,2170.84
20160802,2157.03
20160803,2163.79
20160804,2164.25
20160805,2182.87
20160808,2180.89
20160809,2181.74
20160810,2175.49
20160811,2185.79
20160812,2184.05
20160815,2190.15
20160816,2178.15
20160817,2182.22
20160818,2187.02
20160819,2183.87
20160822,2182.64
20160823,2186.90
20160824,2175.44
20160825,2172.47
20160826,2169.04
20160829,2180.38
20160830,2176.12
20160831,2170.95
20160901,2170.86
20160902,2179.98
20160906,2186.48
20160907,2186.16
20160908,2181.30
20160909,2127.81
20160912,2159.04
20160913,2127.02
20160914,2125.77
20160915,2147.26
20160916,2139.16
20160919,2139.12
20160920,2139.76
20160921,2163.12
20160922,2177.18
20160923,2164.69
20160926,2146.10
20160927,2159.93
20160928,2171.37
20160929,2151.13
20160930,2168.27
20161003,2161.20
20161004,2150.49
20161005,2159.73
20161006,2160.77
20161007,2153.74
20161010,2163.66
20161011,2136.73
20161012,2139.18
20161013,2132.55
20161014,2132.98
20161017,2126.50
20161018,2139.60
20161019,2144.29
20161020,2141.34
20161021,2141.16
20161024,2151.33
20161025,2143.16
20161026,2139.43
20161027,2133.04
20161028,2126.41
20161031,2126.15
20161101,2111.72
20161102,2097.94
20161103,2088.66
20161104,2085.18
20161107,2131.52
20161108,2139.56
20161109,2163.26
20161110,2167.48
20161111,2164.45
20161114,2164.20
20161115,2180.39
20161116,2176.94
20161117,2187.12
20161118,2181.90
20161121,2198.18
20161122,2202.94
20161123,2204.72
20161125,2213.35
20161128,2201.72
20161129,2204.66
20161130,2198.81
20161201,2191.08
20161202,2191.95
20161205,2204.71
20161206,2212.23
20161207,2241.35
20161208,2246.19
20161209,2259.53
20161212,2256.96
20161213,2271.72
20161214,2253.28
20161215,2262.03
20161216,2258.07
20161219,2262.53
20161220,2270.76
20161221,2265.18
20161222,2260.96
20161223,2263.79
20161227,2268.88
20161228,2249.92
20161229,2249.26
20161230,2238.83
20170103,2257.83
20170104,2270.75
20170105,2269.00
20170106,2276.98
20170109,2268.90
20170110,2268.90
20170111,2275.32
20170112,2270.44
20170113,2274.64
20170117,2267.89
20170118,2271.89
20170119,2263.69
20170120,2271.31
20170123,2265.20
20170124,2280.07
20170125,2298.37
20170126,2296.68
20170127,2294.69
20170130,2280.90
20170131,2278.87
20170201,2279.55
20170202,2280.85
20170203,2297.42
20170206,2292.56
20170207,2293.08
20170208,2294.67
20170209,2307.87
20170210,2316.10
20170213,2328.25
20170214,2337.58
20170215,2349.25
20170216,2347.22
20170217,2351.16
20170221,2365.38
20170222,2362.82
20170223,2363.81
20170224,2367.34
20170227,2369.75
20170228,2363.64
20170301,2395.96
20170302,2381.92
20170303,2383.12
20170306,2375.31
20170307,2368.39
20170308,2362.98
20170309,2364.87
20170310,2372.60
20170313,2373.47
20170314,2365.45
20170315,2385.26
20170316,2381.38
20170317,2378.25
20170320,2373.47
20170321,2344.02
20170322,2348.45
20170323,2345.96
20170324,2343.98
20170327,2341.59
20170328,2358.57
20170329,2361.13
20170330,2368.06
20170331,2362.72
20170403,2358.84
20170404,2360.16
20170405,2352.95
20170406,2357.49
20170407,2355.54
20170410,2357.16
20170411,2353.78
20170412,2344.93
20170413,2328.95
20170417,2349.01
20170418,2342.19
20170419,2338.17
20170420,2355.84
20170421,2348.69
20170424,2374.15
20170425,2388.61
20170426,2387.45
20170427,2388.77
20170428,2384.20
20170501,2388.33
20170502,2391.17
20170503,2388.13
20170504,2389.52
20170505,2399.29
20170508,2399.38
20170509,2396.92
20170510,2399.63
20170511,2394.44
20170512,2390.90
20170515,2402.32
20170516,2400.67
20170517,2357.03
20170518,2365.72
20170519,2381.73
20170522,2394.02
20170523,2398.42
20170524,2404.39
20170525,2415.07
20170526,2415.82
20170530,2412.91
20170531,2411.80
20170601,2430.06
20170602,2439.07
20170605,2436.10
20170606,2429.33
20170607,2433.14
20170608,2433.79
20170609,2431.77
20170612,2429.39
20170613,2440.35
20170614,2437.92
20170615,2432.46
20170616,2433.15
20170619,2453.46
20170620,2437.03
20170621,2435.61
20170622,2434.50
20170623,2438.30
20170626,2439.07
20170627,2419.38
20170628,2440.69
20170629,2419.70
20170630,2423.41
20170703,2429.01
20170705,2432.54
20170706,2409.75
20170707,2425.18
20170710,2427.43
20170711,2425.53
20170712,2443.25
20170713,2447.83
20170714,2459.27
20170717,2459.14
20170718,2460.61
20170719,2473.83
20170720,2473.45
20170721,2472.54
20170724,2469.91
20170725,2477.13
20170726,2477.83
20170727,2475.42
20170728,2472.10
20170731,2470.30
20170801,2476.35
20170802,2477.57
20170803,2472.16
20170804,2476.83
20170807,2480.91
20170808,2474.92
20170809,2474.02
20170810,2438.21
20170811,2441.32
20170814,2465.84
20170815,2464.61
20170816,2468.11
20170817,2430.01
20170818,2425.55
20170821,2428.37
20170822,2452.51
20170823,2444.04
20170824,2438.97
20170825,2443.05
20170828,2444.24
20170829,2446.30
20170830,2457.59
20170831,2471.65
20170901,2476.55
20170905,2457.85
20170906,2465.54
20170907,2465.10
20170908,2461.43
20170911,2488.11
20170912,2496.48
20170913,2498.37
20170914,2495.62
20170915,2500.23
20170918,2503.87
20170919,2506.65
20170920,2508.24
20170921,2500.60
20170922,2502.22
20170925,2496.66
20170926,2496.84
20170927,2507.04
20170928,2510.06
20170929,2519.36
20171002,2529.12
20171003,2534.58
20171004,2537.74
20171005,2552.07
20171006,2549.33
20171009,2544.73
20171010,2550.64
20171011,2555.24
20171012,2550.93
20171013,2553.17
20171016,2557.64
20171017,2559.36
20171018,2561.26
20171019,2562.10
20171020,2575.21
20171023,2564.98
20171024,2569.13
20171025,2557.15
20171026,2560.40
20171027,2581.07
20171030,2572.83
20171031,2575.26
20171101,2579.36
20171102,2579.85
20171103,2587.84
20171106,2591.13
20171107,2590.64
20171108,2594.38
20171109,2584.62
20171110,2582.30
20171113,2584.84
20171114,2578.87
20171115,2564.62
20171116,2585.64
20171117,2578.85
20171120,2582.14
20171121,2599.03
20171122,2597.08
20171124,2602.42
20171127,2601.42
20171128,2627.04
20171129,2626.07
20171130,2647.58
20171201,2642.22
20171204,2639.44
20171205,2629.57
20171206,2629.27
20171207,2636.98
20171208,2651.50
20171211,2659.99
20171212,2664.11
20171213,2662.85
20171214,2652.01
20171215,2675.81
20171218,2690.16
20171219,2681.47
20171220,2679.25
20171221,2684.57
20171222,2683.34
20171226,2680.50
20171227,2682.62
20171228,2687.54
20171229,2673.61
20180102,2695.81
20180103,2713.06
20180104,2723.99
20180105,2743.15
20180108,2747.71
20180109,2751.29
20180110,2748.23
20180111,2767.56
20180112,2786.24
20180116,2776.42
20180117,2802.56
20180118,2798.03
20180119,2810.30
20180122,2832.97
20180123,2839.13
20180124,2837.54
20180125,2839.25
20180126,2872.87
20180129,2853.53
20180130,2822.43
20180131,2823.81
20180201,2821.98
20180202,2762.13
20180205,2648.94
20180206,2695.14
20180207,2681.66
20180208,2581.00
20180209,2619.55
20180212,2656.00
20180213,2662.94
20180214,2698.63
20180215,2731.20
20180216,2732.22
20180220,2716.26
20180221,2701.33
20180222,2703.96
20180223,2747.30
20180226,2779.60
20180227,2744.28
20180228,2713.83
20180301,2677.67
20180302,2691.25
20180305,2720.94
20180306,2728.12
20180307,2726.80
20180308,2738.97
20180309,2786.57
20180312,2783.02
20180313,2765.31
20180314,2749.48
20180315,2747.33
20180316,2752.01
20180319,2712.92
20180320,2716.94
20180321,2711.93
20180322,2643.69
20180323,2588.26
20180326,2658.55
20180327,2612.62
20180328,2605.00
20180329,2640.87
20180402,2581.88
20180403,2614.45
20180404,2644.69
20180405,2662.84
20180406,2604.47
20180409,2613.16
20180410,2656.87
20180411,2642.19
20180412,2663.99
20180413,2656.30
20180416,2677.84
20180417,2706.39
20180418,2708.64
20180419,2693.13
20180420,2670.14
20180423,2670.29
20180424,2634.56
20180425,2639.40
20180426,2666.94
20180427,2669.91
20180430,2648.05
20180501,2654.80
20180502,2635.67
20180503,2629.73
20180504,2663.42
20180507,2672.63
20180508,2671.92
20180509,2697.79
20180510,2723.07
20180511,2727.72
20180514,2730.13
20180515,2711.45
20180516,2722.46
20180517,2720.13
20180518,2712.97
20180521,2733.01
20180522,2724.44
20180523,2733.29
20180524,2727.76
20180525,2721.33
20180529,2689.86
20180530,2724.01
20180531,2705.27
20180601,2734.62
20180604,2746.87
20180605,2748.80
20180606,2772.35
20180607,2770.37
20180608,2779.03
20180611,2782.00
20180612,2786.85
20180613,2775.63
20180614,2782.49
20180615,2779.66
20180618,2773.75
20180619,2762.59
20180620,2767.32
20180621,2749.76
20180622,2754.88
20180625,2717.07
20180626,2723.06
20180627,2699.63
20180628,2716.31
20180629,2718.37
20180702,2726.71
20180703,2713.22
20180705,2736.61
20180706,2759.82
20180709,2784.17
20180710,2793.84
20180711,2774.02
20180712,2798.29
20180713,2801.31
20180716,2798.43
20180717,2809.55
20180718,2815.62
20180719,2804.49
20180720,2801.83
20180723,2806.98
20180724,2820.40
20180725,2846.07
20180726,2837.44
20180727,2818.82
20180730,2802.60
20180731,2816.29
20180801,2813.36
20180802,2827.22
20180803,2840.35
20180806,2850.40
20180807,2858.45
20180808,2857.70
20180809,2853.58
20180810,2833.28
20180813,2821.93
20180814,2839.96
20180815,2818.37
20180816,2840.69
20180817,2850.13
20180820,2857.05
20180821,2862.96
20180822,2861.82
20180823,2856.98
20180824,2874.69
20180827,2896.74
20180828,2897.52
20180829,2914.04
20180830,2901.13
20180831,2901.52
20180904,2896.72
20180905,2888.60
20180906,2878.05
20180907,2871.68
20180910,2877.13
20180911,2887.89
20180912,2888.92
20180913,2904.18
20180914,2904.98
20180917,2888.80
20180918,2904.31
20180919,2907.95
20180920,2930.75
20180921,2929.67
20180924,2919.37
20180925,2915.56
20180926,2905.97
20180927,2914.00
20180928,2913.98
20181001,2924.59
20181002,2923.43
20181003,2925.51
20181004,2901.61
20181005,2885.57
20181008,2884.43
20181009,2880.34
20181010,2785.68
20181011,2728.37
20181012,2767.13
20181015,2750.79
20181016,2809.92
20181017,2809.21
20181018,2768.78
20181019,2767.78
20181022,2755.88
20181023,2740.69
20181024,2656.10
20181025,2705.57
20181026,2658.69
20181029,2641.25
20181030,2682.63
20181031,2711.74
20181101,2740.37
20181102,2723.06
20181105,2738.31
20181106,2755.45
20181107,2813.89
20181108,2806.83
20181109,2781.01
20181112,2726.22
20181113,2722.18
20181114,2701.58
20181115,2730.20
20181116,2736.27
20181119,2690.73
20181120,2641.89
20181121,2649.93
20181123,2632.56
20181126,2673.45
20181127,2682.17
20181128,2743.79
20181129,2737.76
20181130,2760.17
20181203,2790.37
20181204,2700.06
20181206,2695.95
20181207,2633.08
20181210,2637.72
20181211,2636.78
20181212,2651.07
20181213,2650.54
20181214,2599.95
20181217,2545.94
20181218,2546.16
20181219,2506.96
20181220,2467.42
20181221,2416.62
20181224,2351.10
20181226,2467.70
20181227,2488.83
20181228,2485.74
20181231,2506.85
