"","year","month","observation_date","GDPC1","GDPchange_annual","INDPRO","INDPROchange_annual","T10Y3M","UNRATE","UNRATEchange_annual","CPIAUCSL","CPIchange_annual","vix","HedgingPressure"
"1","1982","01",1982-01-01,6799.233,-0.0219034898248506,49.0358,-0.0416480999398047,1.06,8.6,1.1,94.4,0.0825688073394496,NA,NA
"2","1982","02",1982-02-01,6799.233,-0.0219034898248506,50.0309,-0.018056599589016,1.03,8.9,1.5,94.7,0.0761363636363637,NA,NA
"3","1982","03",1982-03-01,6799.233,-0.0219034898248506,49.6876,-0.0296641448563271,0.19,9,1.6,94.7,0.0688487584650114,NA,NA
"4","1982","04",1982-04-01,6830.251,-0.0101056814657433,49.2266,-0.0342252766763912,0.72,9.3,2.1,95,0.0662177328843996,NA,NA
"5","1982","05",1982-05-01,6830.251,-0.0101056814657433,48.8924,-0.046271786518936,1.74,9.4,1.9,95.9,0.0691192865105909,NA,NA
"6","1982","06",1982-06-01,6830.251,-0.0101056814657433,48.7588,-0.0536810500594861,1.08,9.6,2.1,97,0.0718232044198895,NA,NA
"7","1982","07",1982-07-01,6804.139,-0.0255592143280542,48.5887,-0.0633088310421474,3.11,9.8,2.6,97.5,0.0655737704918033,NA,NA
"8","1982","08",1982-08-01,6804.139,-0.0255592143280542,48.1582,-0.0705849203714712,4.09,9.8,2.4,97.7,0.0596529284164859,NA,NA
"9","1982","09",1982-09-01,6804.139,-0.0255592143280542,48.0164,-0.0688938358555107,3.85,10.1,2.5,97.7,0.0494092373791623,NA,NA
"10","1982","10",1982-10-01,6806.857,-0.0144315617874044,47.571,-0.070608438783943,2.54,10.4,2.5,98.1,0.0503211991434688,NA,NA
"11","1982","11",1982-11-01,6806.857,-0.0144315617874044,47.4235,-0.0626173618441079,2.23,10.8,2.5,98,0.0447761194029851,NA,NA
"12","1982","12",1982-12-01,6806.857,-0.0144315617874044,47.0712,-0.0595728527760574,2.16,10.8,2.3,97.7,0.0382571732199788,NA,NA
"13","1983","01",1983-01-01,6896.561,0.0143145557741586,47.9518,-0.022106297847695,2.44,10.4,1.8,97.9,0.0370762711864407,NA,NA
"14","1983","02",1983-02-01,6896.561,0.0143145557741586,47.6648,-0.0472927730662451,2.06,10.4,1.5,98,0.0348468848996832,NA,NA
"15","1983","03",1983-03-01,6896.561,0.0143145557741586,48.054,-0.0328774181083409,1.66,10.3,1.3,98.1,0.0359028511087644,NA,NA
"16","1983","04",1983-04-01,7053.5,0.0326853288407702,48.6536,-0.0116400482665876,1.89,10.2,0.899999999999999,98.8,0.04,NA,NA
"17","1983","05",1983-05-01,7053.5,0.0326853288407702,48.9668,0.001521708895452,1.84,10.1,0.699999999999999,99.2,0.0344108446298227,NA,NA
"18","1983","06",1983-06-01,7053.5,0.0326853288407702,49.251,0.0100945880538487,1.81,10.1,0.5,99.4,0.0247422680412372,NA,NA
"19","1983","07",1983-07-01,7194.504,0.0573716968451115,49.9861,0.0287597733629424,2.17,9.4,-0.4,99.8,0.0235897435897436,NA,NA
"20","1983","08",1983-08-01,7194.504,0.0573716968451115,50.5862,0.0504171667545713,2.34,9.5,-0.300000000000001,100.1,0.0245649948822926,NA,NA
"21","1983","09",1983-09-01,7194.504,0.0573716968451115,51.3227,0.0688577236110996,2.4,9.2,-0.9,100.4,0.0276356192425794,NA,NA
"22","1983","10",1983-10-01,7344.597,0.0789997498111096,51.714,0.0870908746925648,2.91,8.8,-1.6,100.8,0.0275229357798165,NA,NA
"23","1983","11",1983-11-01,7344.597,0.0789997498111096,51.9425,0.095290309656605,2.39,8.5,-2.3,101.1,0.0316326530612244,NA,NA
"24","1983","12",1983-12-01,7344.597,0.0789997498111096,52.1897,0.108739526504529,2.49,8.3,-2.5,101.4,0.037871033776868,NA,NA
"25","1984","01",1984-01-01,7488.167,0.0857827546221951,53.2371,0.110221097018256,2.41,8,-2.4,102.1,0.0429009193054136,NA,NA
"26","1984","02",1984-02-01,7488.167,0.0857827546221951,53.4741,0.121878199425992,2.55,7.8,-2.6,102.6,0.046938775510204,NA,NA
"27","1984","03",1984-03-01,7488.167,0.0857827546221951,53.7313,0.1181441711408,2.44,7.8,-2.5,102.9,0.0489296636085628,NA,NA
"28","1984","04",1984-04-01,7617.547,0.0799669667540936,54.0454,0.110820165414276,2.72,7.7,-2.5,103.3,0.0455465587044534,NA,NA
"29","1984","05",1984-05-01,7617.547,0.0799669667540936,54.3263,0.109451710138298,3.78,7.4,-2.7,103.5,0.0433467741935484,NA,NA
"30","1984","06",1984-06-01,7617.547,0.0799669667540936,54.5095,0.106769405697346,3.53,7.2,-2.9,103.7,0.0432595573440644,NA,NA
"31","1984","07",1984-07-01,7690.985,0.0690083708341812,54.6658,0.0936200263673301,2.08,7.5,-1.9,104.1,0.0430861723446894,NA,NA
"32","1984","08",1984-08-01,7690.985,0.0690083708341812,54.7307,0.0819294590224212,1.73,7.5,-2,104.4,0.0429570429570431,NA,NA
"33","1984","09",1984-09-01,7690.985,0.0690083708341812,54.5783,0.0634339191040222,1.84,7.3,-1.9,104.7,0.0428286852589641,NA,NA
"34","1984","10",1984-10-01,7754.117,0.0557579946183569,54.5549,0.05493483389411,2.44,7.4,-1.4,105.1,0.0426587301587301,NA,NA
"35","1984","11",1984-11-01,7754.117,0.0557579946183569,54.74,0.0538576310343168,2.84,7.2,-1.3,105.3,0.0415430267062315,NA,NA
"36","1984","12",1984-12-01,7754.117,0.0557579946183569,54.7733,0.0495040209083401,3.43,7.3,-1,105.5,0.0404339250493096,NA,NA
"37","1985","01",1985-01-01,7829.26,0.0455509338934348,54.7203,0.0278602703753586,2.84,7.3,-0.7,105.7,0.0352595494613125,NA,NA
"38","1985","02",1985-02-01,7829.26,0.0455509338934348,54.91,0.0268522518378055,3.1,7.2,-0.6,106.3,0.0360623781676414,NA,NA
"39","1985","03",1985-03-01,7829.26,0.0455509338934348,54.9841,0.0233160187823485,3.18,7.2,-0.6,106.8,0.0379008746355684,NA,NA
"40","1985","04",1985-04-01,7898.194,0.0368421750466391,54.8853,0.0155406380561528,3.29,7.3,-0.4,107,0.0358180058083253,NA,NA
"41","1985","05",1985-05-01,7898.194,0.0368421750466391,54.952,0.0115174418283593,2.9,7.2,-0.2,107.2,0.0357487922705314,NA,NA
"42","1985","06",1985-06-01,7898.194,0.0368421750466391,54.9269,0.00765738082352619,3.2,7.4,0.2,107.5,0.0366441658630665,NA,NA
"43","1985","07",1985-07-01,8018.809,0.0426244492740527,54.642,-0.00043537275590944,3.05,7.4,-0.0999999999999996,107.7,0.0345821325648416,NA,NA
"44","1985","08",1985-08-01,8018.809,0.0426244492740527,54.8269,0.00175769723391082,2.9,7.1,-0.4,107.9,0.0335249042145594,NA,NA
"45","1985","09",1985-09-01,8018.809,0.0426244492740527,55.0447,0.0085455208388682,3.04,7.1,-0.2,108.1,0.0324737344794651,NA,NA
"46","1985","10",1985-10-01,8078.415,0.0418226859357422,54.8418,0.00525892266322541,2.59,7.1,-0.300000000000001,108.5,0.0323501427212179,NA,NA
"47","1985","11",1985-11-01,8078.415,0.0418226859357422,55.0381,0.00544574351479719,2.2,7,-0.2,109,0.0351377018043685,NA,NA
"48","1985","12",1985-12-01,8078.415,0.0418226859357422,55.5958,0.0150164404919915,1.72,7,-0.3,109.5,0.037914691943128,NA,NA
"49","1986","01",1986-01-01,8153.829,0.0414558974922278,55.8793,0.0211804394347253,1.89,6.7,-0.6,109.9,0.0397350993377484,NA,0.10571462781675
"50","1986","02",1986-02-01,8153.829,0.0414558974922278,55.4963,0.010677472227281,0.89,7.2,0,109.7,0.0319849482596426,NA,-0.0175446993589982
"51","1986","03",1986-03-01,8153.829,0.0414558974922278,55.097,0.00205332086912404,0.86,7.2,0,109.1,0.0215355805243445,NA,-0.0500473331215651
"52","1986","04",1986-04-01,8190.552,0.0370158038660483,55.16,0.00500498311934153,1.1,7.1,-0.2,108.7,0.0158878504672897,NA,-0.0570588836589095
"53","1986","05",1986-05-01,8190.552,0.0370158038660483,55.2556,0.00552482166254191,1.56,7.2,0,109,0.0167910447761194,NA,-0.049263343445081
"54","1986","06",1986-06-01,8190.552,0.0370158038660483,55.0449,0.00214830984453874,1.22,7.2,-0.2,109.4,0.0176744186046512,NA,-0.037515543588076
"55","1986","07",1986-07-01,8268.935,0.0311924127385999,55.3725,0.0133688371582299,1.38,7,-0.4,109.5,0.0167130919220055,NA,-0.0861173142643159
"56","1986","08",1986-08-01,8268.935,0.0311924127385999,55.2845,0.00834626798159296,1.64,6.9,-0.199999999999999,109.6,0.015755329008341,NA,-0.17077245357238
"57","1986","09",1986-09-01,8268.935,0.0311924127385999,55.4459,0.00728862179283388,2.11,7,-0.0999999999999996,110,0.0175763182238668,NA,-0.126052225723869
"58","1986","10",1986-10-01,8313.338,0.0290803332089277,55.6766,0.0152219657268726,2,7,-0.0999999999999996,110.2,0.015668202764977,NA,-0.118028280748236
"59","1986","11",1986-11-01,8313.338,0.0290803332089277,55.8828,0.0153475501516223,1.61,6.9,-0.0999999999999996,110.4,0.0128440366972478,NA,-0.11020015099659
"60","1986","12",1986-12-01,8313.338,0.0290803332089277,56.4269,0.0149489709654328,1.4,6.6,-0.4,110.8,0.0118721461187214,NA,-0.0861920602167167
"61","1987","01",1987-01-01,8375.274,0.0271584061917413,56.2123,0.00595927293291073,1.42,6.6,-0.100000000000001,111.4,0.013648771610555,NA,0.0575451923764331
"62","1987","02",1987-02-01,8375.274,0.0271584061917413,56.9589,0.026354910147163,1.59,6.6,-0.600000000000001,111.8,0.0191431175934366,NA,0.0971717135484507
"63","1987","03",1987-03-01,8375.274,0.0271584061917413,57.0365,0.0352015536236092,1.72,6.6,-0.600000000000001,112.2,0.0284142988084327,NA,0.101273234778564
"64","1987","04",1987-04-01,8465.63,0.0335847937965597,57.3995,0.0406000725163163,2.51,6.3,-0.8,112.7,0.0367985280588776,NA,0.0821836775206428
"65","1987","05",1987-05-01,8465.63,0.0335847937965597,57.7653,0.0454198307501864,2.62,6.3,-0.9,113,0.036697247706422,NA,-0.0315169698080914
"66","1987","06",1987-06-01,8465.63,0.0335847937965597,58.0726,0.0550041874905759,2.47,6.2,-1,113.5,0.0374771480804387,NA,-0.0359468394948128
"67","1987","07",1987-07-01,8539.075,0.032669261519168,58.4772,0.0560693485033185,2.39,6.1,-0.9,113.8,0.039269406392694,NA,-0.0772388691355907
"68","1987","08",1987-08-01,8539.075,0.032669261519168,58.9076,0.0655355479383914,2.55,6,-0.9,114.3,0.0428832116788321,NA,-0.0285305192028155
"69","1987","09",1987-09-01,8539.075,0.032669261519168,59.1237,0.0663313247688287,2.8,5.9,-1.1,114.7,0.0427272727272728,NA,0.00428613144610772
"70","1987","10",1987-10-01,8685.694,0.0447901913767971,59.9408,0.0765887284783913,3.43,6,-1,115,0.043557168784029,NA,0.0105017937499147
"71","1987","11",1987-11-01,8685.694,0.0447901913767971,60.2323,0.0778325352344549,3.57,5.8,-1.1,115.4,0.0452898550724638,NA,0.123888903810146
"72","1987","12",1987-12-01,8685.694,0.0447901913767971,60.5629,0.0732983736480295,2.97,5.7,-0.899999999999999,115.6,0.0433212996389891,NA,0.126246190184312
"73","1988","01",1988-01-01,8730.569,0.0424218956896216,60.564,0.077415441104527,2.44,5.7,-0.899999999999999,116,0.0412926391382405,NA,0.132108334648596
"74","1988","02",1988-02-01,8730.569,0.0424218956896216,60.8632,0.0685459164415043,2.36,5.7,-0.899999999999999,116.2,0.039355992844365,NA,0.18187646824323
"75","1988","03",1988-03-01,8730.569,0.0424218956896216,61.0006,0.0695011089390128,2.7,5.7,-0.899999999999999,116.5,0.0383244206773618,NA,0.0602396845063768
"76","1988","04",1988-04-01,8845.28,0.0448460421728804,61.3536,0.0688873596459899,2.71,5.4,-0.899999999999999,117.2,0.0399290150842946,NA,0.0667851952306466
"77","1988","05",1988-05-01,8845.28,0.0448460421728804,61.2454,0.0602455107131789,2.53,5.6,-0.7,117.5,0.0398230088495575,NA,0.0400153948824684
"78","1988","06",1988-06-01,8845.28,0.0448460421728804,61.4107,0.0574814972982094,2.05,5.4,-0.8,118,0.039647577092511,NA,0.0753386091234624
"79","1988","07",1988-07-01,8897.107,0.0419286632334298,61.4169,0.050270874802487,1.94,5.4,-0.699999999999999,118.5,0.0413005272407733,NA,0.0852984188279507
"80","1988","08",1988-08-01,8897.107,0.0419286632334298,61.7365,0.0480226660057445,1.71,5.6,-0.4,119,0.0411198600174978,NA,0.0878220006876239
"81","1988","09",1988-09-01,8897.107,0.0419286632334298,61.5395,0.0408600950211167,1.38,5.4,-0.5,119.5,0.041848299912816,NA,0.143729933374963
"82","1988","10",1988-10-01,9015.661,0.0379897104364948,61.7996,0.0310105971224941,1.03,5.4,-0.6,119.9,0.042608695652174,NA,0.0997086148981294
"83","1988","11",1988-11-01,9015.661,0.0379897104364948,61.9552,0.0286042538637906,0.96,5.3,-0.5,120.3,0.0424610051993067,NA,0.0363719380671241
"84","1988","12",1988-12-01,9015.661,0.0379897104364948,62.2362,0.0276291260821394,0.77,5.3,-0.4,120.7,0.0441176470588236,NA,-0.00960885128415911
"85","1989","01",1989-01-01,9107.314,0.0431523993453349,62.4165,0.0305874777095304,0.32,5.4,-0.3,121.2,0.0448275862068966,NA,0.0796727627913166
"86","1989","02",1989-02-01,9107.314,0.0431523993453349,62.1423,0.0210159833856912,0.29,5.2,-0.5,121.6,0.0464716006884681,NA,0.003263133605447
"87","1989","03",1989-03-01,9107.314,0.0431523993453349,62.3049,0.0213817569007519,0.07,5,-0.7,122.2,0.0489270386266095,NA,0.0204806733944962
"88","1989","04",1989-04-01,9176.827,0.0374829287484397,62.2966,0.0153699212434152,0.31,5.2,-0.2,123.1,0.0503412969283276,NA,0.0384190463100975
"89","1989","05",1989-05-01,9176.827,0.0374829287484397,61.9483,0.0114767802969694,-0.32,5.2,-0.399999999999999,123.7,0.0527659574468085,NA,0.0254071492856384
"90","1989","06",1989-06-01,9176.827,0.0374829287484397,61.9423,0.00865647191776033,-0.16,5.3,-0.100000000000001,124.1,0.0516949152542372,NA,-0.00362342768552225
"91","1989","07",1989-07-01,9244.816,0.0390811305292834,61.3334,-0.00135956064210341,-0.22,5.2,-0.2,124.5,0.0506329113924051,NA,0.00691226892707873
"92","1989","08",1989-08-01,9244.816,0.0390811305292834,61.9394,0.00328654847618507,0.1,5.2,-0.399999999999999,124.5,0.046218487394958,NA,0.00398732310574937
"93","1989","09",1989-09-01,9244.816,0.0390811305292834,61.7394,0.00324832018459699,0.13,5.3,-0.100000000000001,124.8,0.0443514644351464,NA,-0.0535670980614128
"94","1989","10",1989-10-01,9263.033,0.0274380325524661,61.6605,-0.00225082362992639,-0.12,5.3,-0.100000000000001,125.4,0.0458715596330275,NA,-0.0199942241161026
"95","1989","11",1989-11-01,9263.033,0.0274380325524661,61.8627,-0.00149301430711225,0,5.4,0.100000000000001,125.9,0.0465502909393184,NA,0.0362596444122455
"96","1989","12",1989-12-01,9263.033,0.0274380325524661,62.2192,-0.000273152923860967,0.13,5.4,0.100000000000001,126.3,0.0463960231980116,NA,-0.0120344182256932
"97","1990","01",1990-01-01,9364.259,0.0282130384436069,61.9021,-0.00824141052446071,0.43,5.4,0,127.5,0.051980198019802,23.3472727272727,0.0250358395102631
"98","1990","02",1990-02-01,9364.259,0.0282130384436069,62.464,0.00517682802213629,0.47,5.3,0.0999999999999996,128,0.0526315789473685,23.2626315789474,0.0220905838615159
"99","1990","03",1990-03-01,9364.259,0.0282130384436069,62.7645,0.00737662687846373,0.58,5.2,0.2,128.6,0.0523731587561374,20.0622727272727,0.0598195523282945
"100","1990","04",1990-04-01,9398.243,0.0241277295518376,62.6499,0.00567125653727498,0.97,5.4,0.2,128.9,0.0471161657189278,21.4035,0.105562952223005
"101","1990","05",1990-05-01,9398.243,0.0241277295518376,62.8126,0.0139519567122907,0.59,5.4,0.2,129.1,0.0436540016168148,18.0977272727273,0.0650686945574377
"102","1990","06",1990-06-01,9398.243,0.0241277295518376,63.0256,0.0174888565648998,0.43,5.2,-0.0999999999999996,129.9,0.0467365028203063,16.822380952381,0.0814615945173476
"103","1990","07",1990-07-01,9404.494,0.0172721663686979,62.9353,0.02611790639358,0.62,5.5,0.3,130.5,0.0481927710843374,18.3928571428571,0.0336865426770118
"104","1990","08",1990-08-01,9404.494,0.0172721663686979,63.172,0.0199000959001863,1.23,5.7,0.5,131.6,0.0570281124497991,28.1752173913043,0.0661402936751584
"105","1990","09",1990-09-01,9404.494,0.0172721663686979,63.1832,0.0233853908525187,1.45,5.9,0.600000000000001,132.5,0.061698717948718,29.1073684210526,0.0823899632170524
"106","1990","10",1990-10-01,9318.876,0.00602858696498229,62.7886,0.0182953430478184,1.31,5.9,0.600000000000001,133.4,0.0637958532695375,29.625652173913,0.0671504117906674
"107","1990","11",1990-11-01,9318.876,0.00602858696498229,62.0154,0.0024683694698098,1.02,6.2,0.8,133.7,0.0619539316918188,24.8857142857143,0.0294932169853339
"108","1990","12",1990-12-01,9318.876,0.00602858696498229,61.5915,-0.0100885257283925,1.45,6.3,0.899999999999999,134.2,0.0625494853523356,23.363,0.00589689638845078
"109","1991","01",1991-01-01,9275.276,-0.00950240697101609,61.3624,-0.00871860566927449,1.66,6.4,1,134.7,0.056470588235294,27.4290909090909,-0.0172413686349413
"110","1991","02",1991-02-01,9275.276,-0.00950240697101609,60.9255,-0.0246301869877049,1.8,6.6,1.3,134.8,0.0531250000000001,21.5984210526316,-0.0119146255699962
"111","1991","03",1991-03-01,9275.276,-0.00950240697101609,60.5853,-0.0347202638434147,2.13,6.8,1.6,134.8,0.0482115085536549,17.7442105263158,-0.0167166275569095
"112","1991","04",1991-04-01,9347.597,-0.00538887960228318,60.7604,-0.0301596650593218,2.34,6.7,1.3,135.1,0.0480993017843288,17.3727272727273,-0.0502297415798458
"113","1991","05",1991-05-01,9347.597,-0.00538887960228318,61.3572,-0.0231705103753069,2.35,6.9,1.5,135.6,0.0503485670023238,16.9322727272727,-0.0450746278006593
"114","1991","06",1991-06-01,9347.597,-0.00538887960228318,61.8396,-0.0188177502475185,2.53,6.9,1.7,136,0.0469591993841416,17.135,0.00114400062056217
"115","1991","07",1991-07-01,9394.834,-0.00102716850050623,62.0065,-0.0147580133883527,2.5,6.8,1.3,136.2,0.0436781609195401,17.2940909090909,-0.0581438545916364
"116","1991","08",1991-08-01,9394.834,-0.00102716850050623,62.0141,-0.018329323117837,2.33,6.9,1.2,136.6,0.0379939209726444,15.6813636363636,-0.0229897031355739
"117","1991","09",1991-09-01,9394.834,-0.00102716850050623,62.5457,-0.0100897073905722,2.21,6.9,1,137,0.0339622641509434,16.9565,-0.000123017884674826
"118","1991","10",1991-10-01,9427.581,0.0116650334224857,62.4572,-0.00527802817708951,2.51,7,1.1,137.2,0.0284857571214392,16.3639130434783,-0.0191477645777164
"119","1991","11",1991-11-01,9427.581,0.0116650334224857,62.371,0.00573405960454988,2.91,7,0.8,137.8,0.0306656694091251,17.7735,0.0870310390544131
"120","1991","12",1991-12-01,9427.581,0.0116650334224857,62.0999,0.00825438575128053,2.75,7.3,1,138.2,0.029806259314456,18.347619047619,0.0555456676460122
"121","1992","01",1992-01-01,9540.444,0.0285886910535061,61.7744,0.0067142093529588,3.37,7.3,0.899999999999999,138.3,0.026726057906459,17.6831818181818,0.0113970421125272
"122","1992","02",1992-02-01,9540.444,0.0285886910535061,62.2167,0.0211930964866928,3.24,7.4,0.800000000000001,138.6,0.0281899109792284,17.4773684210526,0.0223531969178148
"123","1992","03",1992-03-01,9540.444,0.0285886910535061,62.7223,0.0352725826231776,3.39,7.4,0.600000000000001,139.1,0.0318991097922847,17.5204545454545,-0.000361439970912784
"124","1992","04",1992-04-01,9643.893,0.0316975582066707,63.1981,0.0401198807117794,3.82,7.4,0.7,139.4,0.0318282753515915,16.5628571428571,-0.048655344430961
"125","1992","05",1992-05-01,9643.893,0.0316975582066707,63.4008,0.0333066046038606,3.54,7.6,0.699999999999999,139.7,0.0302359882005899,15.077,-0.028197745667123
"126","1992","06",1992-06-01,9643.893,0.0316975582066707,63.4358,0.0258119392751571,3.49,7.8,0.899999999999999,140.1,0.0301470588235294,15.2031818181818,-0.00848379609533203
"127","1992","07",1992-07-01,9739.185,0.036653228785096,64.013,0.0323595106964593,3.47,7.7,0.9,140.5,0.0315712187958885,13.6018181818182,0.0472062212761085
"128","1992","08",1992-08-01,9739.185,0.036653228785096,63.6652,0.026624590214161,3.39,7.6,0.699999999999999,140.8,0.0307467057101026,14.4219047619048,0.080533009422467
"129","1992","09",1992-09-01,9739.185,0.036653228785096,63.8563,0.020954278231757,3.62,7.6,0.699999999999999,141.1,0.02992700729927,13.6966666666667,0.00634892861056306
"130","1992","10",1992-10-01,9840.753,0.0438258764363839,64.3089,0.0296475026097871,3.77,7.3,0.3,141.7,0.032798833819242,17.6368181818182,0.00398585127148249
"131","1992","11",1992-11-01,9840.753,0.0438258764363839,64.563,0.0351445383271071,3.57,7.4,0.4,142.1,0.0312046444121915,14.4245,0.107316781876236
"132","1992","12",1992-12-01,9840.753,0.0438258764363839,64.6477,0.0410274412680214,3.55,7.4,0.100000000000001,142.3,0.0296671490593345,12.1913636363636,0.0729298364020931
"133","1993","01",1993-01-01,9857.185,0.0331998175346975,64.9199,0.0509191509751612,3.43,7.3,0,142.8,0.0325379609544469,12.409,0.0635100007340646
"134","1993","02",1993-02-01,9857.185,0.0331998175346975,65.2156,0.0482008849713982,3.02,7.1,-0.300000000000001,143.1,0.0324675324675325,13.7215789473684,0.00566930337491906
"135","1993","03",1993-03-01,9857.185,0.0331998175346975,65.1605,0.0388729367386082,3.08,7,-0.4,143.3,0.0301941049604602,13.6060869565217,-0.0226111631261528
"136","1993","04",1993-04-01,9914.565,0.0280666739044077,65.3503,0.034054821268361,3.08,7.1,-0.300000000000001,143.8,0.0315638450502152,12.8409523809524,-0.00943476848673846
"137","1993","05",1993-05-01,9914.565,0.0280666739044077,65.0993,0.0267898827775044,3.03,7.1,-0.5,144.2,0.0322118826055834,13.606,0.0266310940364947
"138","1993","06",1993-06-01,9914.565,0.0280666739044077,65.2428,0.0284854924191072,2.7,7,-0.8,144.3,0.0299785867237689,12.5240909090909,0.0636711867709876
"139","1993","07",1993-07-01,9961.873,0.0228651576081572,65.3988,0.0216487276022056,2.73,6.9,-0.8,144.5,0.0284697508896797,11.5004761904762,0.0951122529300014
"140","1993","08",1993-08-01,9961.873,0.0228651576081572,65.3265,0.0260943184031464,2.37,6.8,-0.8,144.8,0.0284090909090909,11.9286363636364,0.0559667157204809
"141","1993","09",1993-09-01,9961.873,0.0228651576081572,65.6562,0.0281867255071152,2.42,6.7,-0.899999999999999,145,0.0276399716513112,12.9314285714286,0.0695413748443995
"142","1993","10",1993-10-01,10097.362,0.0260761549446469,66.1632,0.0288342671076633,2.33,6.8,-0.5,145.6,0.0275229357798166,11.8752380952381,0.00529378599337826
"143","1993","11",1993-11-01,10097.362,0.0260761549446469,66.4831,0.0297399439307342,2.62,6.6,-0.800000000000001,146,0.0274454609429979,14.0838095238095,0.052058873741304
"144","1993","12",1993-12-01,10097.362,0.0260761549446469,66.8399,0.0339099457521304,2.76,6.5,-0.9,146.3,0.028109627547435,11.3563636363636,0.0405734338290985
"145","1994","01",1994-01-01,10195.338,0.0343052301443059,67.0596,0.0329590772629041,2.65,6.6,-0.7,146.3,0.0245098039215686,11.2904761904762,0.0143546585919649
"146","1994","02",1994-02-01,10195.338,0.0343052301443059,67.106,0.0289869295076638,2.68,6.6,-0.5,146.7,0.0251572327044025,13.6442105263158,-0.00901535556619287
"147","1994","03",1994-03-01,10195.338,0.0343052301443059,67.7792,0.0401884577312943,3.21,6.5,-0.5,147.1,0.0265177948360083,15.2234782608696,-0.0179392147627709
"148","1994","04",1994-04-01,10333.495,0.0422539970235709,68.1906,0.0434626925966675,3.09,6.4,-0.699999999999999,147.2,0.0236439499304588,16.4710526315789,-0.0701661902317042
"149","1994","05",1994-05-01,10333.495,0.0422539970235709,68.5136,0.052447568560645,2.86,6.1,-1,147.5,0.0228848821081832,13.8971428571429,-0.0749660714080748
"150","1994","06",1994-06-01,10333.495,0.0422539970235709,68.9608,0.0569871311470385,3.08,6.1,-0.9,147.9,0.0249480249480249,13.4086363636364,-0.0842096137585421
"151","1994","07",1994-07-01,10393.898,0.0433678485963432,69.0536,0.0558848174584245,2.73,6.1,-0.800000000000001,148.4,0.0269896193771627,12.4845,-0.0873849062844439
"152","1994","08",1994-08-01,10393.898,0.0433678485963432,69.5074,0.0640000612308942,2.51,6,-0.8,149,0.0290055248618784,11.8891304347826,-0.0442261709563416
"153","1994","09",1994-09-01,10393.898,0.0433678485963432,69.7304,0.0620535455905155,2.82,5.9,-0.8,149.3,0.0296551724137932,13.2333333333333,-0.0221016223415779
"154","1994","10",1994-10-01,10512.962,0.0411592651625247,70.2734,0.0621221464499902,2.61,5.8,-1,149.4,0.0260989010989012,15.2452380952381,-0.0557906666176602
"155","1994","11",1994-11-01,10512.962,0.0411592651625247,70.7471,0.0641366001284539,2.19,5.6,-1,149.8,0.026027397260274,16.3838095238095,-0.0553470580028605
"156","1994","12",1994-12-01,10512.962,0.0411592651625247,71.4653,0.0692011807318682,2.16,5.5,-1,150.1,0.0259740259740259,14.1771428571429,0.0125306627150166
"157","1995","01",1995-01-01,10550.251,0.0348113029700438,71.5873,0.0675175515511574,1.6,5.6,-1,150.5,0.0287081339712918,12.2742857142857,-0.0681146898981886
"158","1995","02",1995-02-01,10550.251,0.0348113029700438,71.4827,0.0652206956158913,1.28,5.4,-1.2,150.9,0.0286298568507159,11.47,-0.122934342646983
"159","1995","03",1995-03-01,10550.251,0.0348113029700438,71.5962,0.0563152117463764,1.32,5.4,-1.1,151.2,0.0278721957851801,12.1665217391304,-0.11003196339004
"160","1995","04",1995-04-01,10581.723,0.0240216886929349,71.4939,0.0484421606497082,1.2,5.8,-0.600000000000001,151.8,0.0312500000000002,12.4426315789474,-0.159759835048184
"161","1995","05",1995-05-01,10581.723,0.0240216886929349,71.8245,0.0483247121739334,0.49,5.6,-0.5,152.1,0.0311864406779661,12.2659090909091,-0.103826317449449
"162","1995","06",1995-06-01,10581.723,0.0240216886929349,72.0577,0.0449081217155252,0.61,5.6,-0.5,152.4,0.0304259634888438,11.8968181818182,0.0349518373029622
"163","1995","07",1995-07-01,10671.738,0.0267310685558007,71.7421,0.0389335241030155,0.85,5.7,-0.399999999999999,152.6,0.0283018867924528,12.514,0.0922463086095831
"164","1995","08",1995-08-01,10671.738,0.0267310685558007,72.6863,0.0457346987514998,0.83,5.7,-0.3,152.9,0.0261744966442953,12.7982608695652,-0.00990273024971289
"165","1995","09",1995-09-01,10671.738,0.0267310685558007,72.989,0.0467314112639538,0.77,5.6,-0.300000000000001,153.1,0.0254521098459476,12.057,-0.068053226399588
"166","1995","10",1995-10-01,10744.203,0.0219957990906844,72.8743,0.0370111592722141,0.55,5.5,-0.3,153.5,0.0274431057563587,14.3572727272727,0.00476784857993434
"167","1995","11",1995-11-01,10744.203,0.0219957990906844,73.0432,0.0324550405599663,0.28,5.6,0,153.7,0.0260347129506006,12.4690476190476,-0.0793405613332023
"168","1995","12",1995-12-01,10744.203,0.0219957990906844,73.3148,0.0258796926620333,0.48,5.6,0.0999999999999996,153.9,0.0253164556962026,11.7485,-0.125415450984879
"169","1996","01",1996-01-01,10824.674,0.0260110399269174,72.9017,0.0183607986332772,0.55,5.6,0,154.7,0.027906976744186,13.4736363636364,-0.0272857144733896
"170","1996","02",1996-02-01,10824.674,0.0260110399269174,73.955,0.0345859907362202,1.11,5.5,0.0999999999999996,155,0.027170311464546,15.033,0.00239804819606187
"171","1996","03",1996-03-01,10824.674,0.0260110399269174,73.8546,0.0315435735416127,1.21,5.5,0.0999999999999996,155.5,0.0284391534391535,17.762380952381,-0.0377196974854445
"172","1996","04",1996-04-01,11005.217,0.0400212706380616,74.6152,0.0436582701461244,1.52,5.6,-0.2,156.1,0.0283267457180499,16.5752380952381,-0.0368723008100867
"173","1996","05",1996-05-01,11005.217,0.0400212706380616,75.15,0.0463003571204812,1.67,5.6,0,156.4,0.0282708744247207,16.1463636363636,-0.00702751691269998
"174","1996","06",1996-06-01,11005.217,0.0400212706380616,75.719,0.050810669782688,1.55,5.3,-0.3,156.7,0.0282152230971127,16.395,-0.00541577434322238
"175","1996","07",1996-07-01,11103.935,0.0404992139049891,75.7189,0.0554318872739997,1.48,5.5,-0.2,157,0.0288335517693316,17.9786363636364,-0.0550936837478052
"176","1996","08",1996-08-01,11103.935,0.0404992139049891,76.0875,0.0467928619285891,1.67,5.1,-0.600000000000001,157.2,0.02812295618051,15.7604545454545,-0.0612574221027045
"177","1996","09",1996-09-01,11103.935,0.0404992139049891,76.5959,0.0494170354436969,1.58,5.2,-0.399999999999999,157.7,0.0300457217504898,16.578,-0.0498457009364445
"178","1996","10",1996-10-01,11219.238,0.0442131445208174,76.5662,0.050661207037323,1.2,5.2,-0.3,158.2,0.0306188925081432,16.3817391304348,-0.0476379732985108
"179","1996","11",1996-11-01,11219.238,0.0442131445208174,77.2493,0.0575837312713573,0.93,5.4,-0.199999999999999,158.7,0.0325309043591412,15.997,-0.0016387489610627
"180","1996","12",1996-12-01,11219.238,0.0442131445208174,77.7342,0.0602797797988946,1.22,5.4,-0.199999999999999,159.1,0.0337881741390513,19.2609523809524,-0.012111010497163
"181","1997","01",1997-01-01,11291.665,0.0431413454114184,77.8711,0.0681657629383127,1.38,5.3,-0.3,159.4,0.0303813833225599,19.4733333333333,-0.0222412756905335
"182","1997","02",1997-02-01,11291.665,0.0431413454114184,78.7993,0.0655033466297073,1.34,5.2,-0.3,159.7,0.0303225806451612,20.1394736842105,0.0581669055656484
"183","1997","03",1997-03-01,11291.665,0.0431413454114184,79.2746,0.073387439644924,1.57,5.2,-0.3,159.8,0.0276527331189711,20.17,0.0504562840744211
"184","1997","04",1997-04-01,11479.33,0.0430807497934843,79.3464,0.0634079919372997,1.44,5.1,-0.5,159.9,0.0243433696348495,19.6622727272727,0.0346568272520622
"185","1997","05",1997-05-01,11479.33,0.0430807497934843,79.773,0.0615169660678641,1.71,4.9,-0.699999999999999,159.9,0.0223785166240409,19.9247619047619,-0.0473305756210306
"186","1997","06",1997-06-01,11479.33,0.0430807497934843,80.1365,0.0583407070880493,1.26,5,-0.3,160.2,0.0223356732610083,20.1942857142857,0.034267467288035
"187","1997","07",1997-07-01,11622.911,0.0467380257539332,80.7798,0.0668380021368508,0.77,4.9,-0.6,160.4,0.021656050955414,20.5290909090909,0.0282965350834389
"188","1997","08",1997-08-01,11622.911,0.0467380257539332,81.6119,0.0726058813865615,1.1,4.8,-0.3,160.8,0.0229007633587788,23.0847619047619,-0.0207909420794192
"189","1997","09",1997-09-01,11622.911,0.0467380257539332,82.4022,0.0758043185079096,1.06,4.9,-0.3,161.2,0.0221940393151554,23.812380952381,0.00308618482570965
"190","1997","10",1997-10-01,11722.722,0.0448768445771451,83.1064,0.0854188924094444,0.63,4.7,-0.5,161.5,0.0208596713021493,23.8708695652174,-0.0850992233049244
"191","1997","11",1997-11-01,11722.722,0.0448768445771451,83.7534,0.0841962321988677,0.64,4.6,-0.800000000000001,161.7,0.0189035916824197,32.2061111111111,0.0212512435308732
"192","1997","12",1997-12-01,11722.722,0.0448768445771451,84.1331,0.0823176928559115,0.39,4.7,-0.7,161.8,0.0169704588309241,26.2763636363636,0.1492880436879
"193","1998","01",1998-01-01,11839.876,0.0485500588265769,84.5113,0.0852716861582796,0.34,4.6,-0.7,162,0.0163111668757842,23.8665,0.132016336143009
"194","1998","02",1998-02-01,11839.876,0.0485500588265769,84.6409,0.074132638234096,0.3,4.6,-0.600000000000001,162,0.0144020037570445,19.9989473684211,0.0397748051041837
"195","1998","03",1998-03-01,11839.876,0.0485500588265769,84.6684,0.0680394476919467,0.51,4.7,-0.5,162,0.013767209011264,20.1586363636364,0.0110964561257229
"196","1998","04",1998-04-01,11949.492,0.0409572684120066,84.9827,0.071034098585443,0.68,4.3,-0.8,162.2,0.014383989993746,22.0285714285714,-0.0173558637028409
"197","1998","05",1998-05-01,11949.492,0.0409572684120066,85.5129,0.0719529164002859,0.53,4.4,-0.5,162.6,0.0168855534709193,20.874,0.0219470608610398
"198","1998","06",1998-06-01,11949.492,0.0409572684120066,84.998,0.0606652399343621,0.34,4.5,-0.5,162.8,0.0162297128589265,21.6627272727273,0.0350401114209552
"199","1998","07",1998-07-01,12099.191,0.0409776862267981,84.6664,0.0481135135268966,0.4,4.5,-0.4,163.2,0.0174563591022443,19.93,0.0104607807454037
"200","1998","08",1998-08-01,12099.191,0.0409776862267981,86.4183,0.0588933721675392,0.09,4.5,-0.3,163.4,0.0161691542288557,31.5880952380952,0.0372193721472786
"201","1998","09",1998-09-01,12099.191,0.0409776862267981,86.3287,0.047650426808993,0.07,4.6,-0.300000000000001,163.5,0.0142679900744418,38.2047619047619,-0.0397527012635814
"202","1998","10",1998-10-01,12294.737,0.0487954077559802,86.9767,0.0465704205692943,0.31,4.5,-0.2,163.9,0.0148606811145511,36.6081818181818,-0.0117879435537042
"203","1998","11",1998-11-01,12294.737,0.0487954077559802,86.9005,0.0375757879680108,0.17,4.4,-0.199999999999999,164.1,0.0148423005565863,26.223,0.0150570812520054
"204","1998","12",1998-12-01,12294.737,0.0487954077559802,87.2514,0.037063890430758,0.17,4.4,-0.3,164.4,0.0160692212608158,25.4790909090909,0.0283157410099943
"205","1999","01",1999-01-01,12410.778,0.0482185793162023,87.6357,0.0369702039845558,0.18,4.3,-0.3,164.7,0.0166666666666666,28.0352631578947,0.0138607978108817
"206","1999","02",1999-02-01,12410.778,0.0482185793162023,88.1298,0.0412200248343295,0.63,4.4,-0.199999999999999,164.7,0.0166666666666666,28.8226315789474,0.0283464681037461
"207","1999","03",1999-03-01,12410.778,0.0482185793162023,88.2987,0.0428766812647929,0.76,4.2,-0.5,164.8,0.017283950617284,25.3095652173913,-0.0763823028120355
"208","1999","04",1999-04-01,12514.408,0.0472753151347354,88.4947,0.0413260581271247,0.81,4.3,0,165.9,0.0228113440197288,23.4785714285714,-0.108623788147217
"209","1999","05",1999-05-01,12514.408,0.0472753151347354,89.0447,0.041301370904273,0.98,4.2,-0.2,166,0.0209102091020911,26.2045,-0.0854306624032074
"210","1999","06",1999-06-01,12514.408,0.0472753151347354,88.9802,0.0468505141297441,1.03,4.3,-0.2,166,0.0196560196560196,23.6263636363636,-0.0852380998261693
"211","1999","07",1999-07-01,12679.977,0.0480020523686253,89.5155,0.0572730150331183,1.17,4.3,-0.2,166.7,0.0214460784313725,21.0490476190476,-0.116883315143112
"212","1999","08",1999-08-01,12679.977,0.0480020523686253,89.8984,0.0402704056895356,1,4.2,-0.3,167.1,0.0226438188494491,24.3236363636364,-0.118629931281791
"213","1999","09",1999-09-01,12679.977,0.0480020523686253,89.496,0.0366888416019238,1.02,4.2,-0.399999999999999,167.8,0.0262996941896025,24.5414285714286,-0.11126542307053
"214","1999","10",1999-10-01,12888.281,0.0482762665033015,90.6725,0.0424918397685818,0.9,4.1,-0.4,168.1,0.0256253813300792,24.0214285714286,-0.0587054811880191
"215","1999","11",1999-11-01,12888.281,0.0482762665033015,91.1438,0.0488294083463272,0.88,4.1,-0.300000000000001,168.4,0.0262035344302255,21.8180952380952,-0.0626950061169922
"216","1999","12",1999-12-01,12888.281,0.0482762665033015,91.8444,0.0526409891417214,1.12,4,-0.4,168.8,0.0267639902676399,22.0409523809524,-0.0507398645921734
"217","2000","01",2000-01-01,12935.252,0.0422595585868992,91.7942,0.0474521228220919,0.92,4,-0.3,169.3,0.0279295689131756,23.202,-0.0404012558328123
"218","2000","02",2000-02-01,12935.252,0.0422595585868992,92.1272,0.0453580968072094,0.64,4.1,-0.300000000000001,170,0.0321797207043109,23.5955,-0.0572334526869485
"219","2000","03",2000-03-01,12935.252,0.0422595585868992,92.4733,0.0472781592480976,0.15,4,-0.2,171,0.0376213592233009,22.7182608695652,-0.0341357396922118
"220","2000","04",2000-04-01,13170.749,0.0524468276885331,93.0619,0.0516098704216185,0.41,3.8,-0.5,170.9,0.0301386377335744,27.1642105263158,0.00655421467081341
"221","2000","05",2000-05-01,13170.749,0.0524468276885331,93.3427,0.0482678924180775,0.66,4,-0.2,171.2,0.0313253012048192,26.3731818181818,-0.0422970170191436
"222","2000","06",2000-06-01,13170.749,0.0524468276885331,93.3908,0.0495683309320501,0.15,4,-0.3,172.2,0.0373493975903614,21.54,-0.0446272687119718
"223","2000","07",2000-07-01,13183.89,0.0397408449557912,93.204,0.0412051544145985,-0.23,4,-0.3,172.7,0.0359928014397121,19.893,-0.0218711314499247
"224","2000","08",2000-08-01,13183.89,0.0397408449557912,92.9637,0.0340973810434892,-0.58,4.1,-0.100000000000001,172.7,0.0335128665469778,18.0886956521739,-0.00834102294501439
"225","2000","09",2000-09-01,13183.89,0.0397408449557912,93.3533,0.0431002502905159,-0.43,3.9,-0.3,173.6,0.0345649582836709,19.6875,-0.00785381988639007
"226","2000","10",2000-10-01,13262.25,0.0290162047211726,93.0019,0.0256902588987842,-0.61,3.9,-0.2,173.9,0.034503271861987,25.2,0.000361137137132605
"227","2000","11",2000-11-01,13262.25,0.0290162047211726,93.0137,0.020515931966848,-0.73,3.9,-0.2,174.2,0.0344418052256531,26.3828571428571,-0.0193545120708851
"228","2000","12",2000-12-01,13262.25,0.0290162047211726,92.7388,0.00973820940634382,-0.77,3.9,-0.1,174.6,0.0343601895734596,26.5305,0.0117468346975178
"229","2001","01",2001-01-01,13219.251,0.0219554284678799,92.2054,0.00447958585618692,0.2,4.2,0.2,175.6,0.037212049616066,24.9185714285714,0.0257416261405237
"230","2001","02",2001-02-01,13219.251,0.0219554284678799,91.5813,-0.00592550300019976,0.07,4.2,0.100000000000001,176,0.0352941176470588,23.4115789473684,0.0287819713873903
"231","2001","03",2001-03-01,13219.251,0.0219554284678799,91.3567,-0.0120748367366579,0.63,4.3,0.3,176.1,0.0298245614035087,28.4968181818182,0.0465433807461029
"232","2001","04",2001-04-01,13301.394,0.00991932956888028,91.072,-0.0213825421574242,1.4,4.4,0.600000000000001,176.4,0.032182562902282,28.134,0.0231680090419176
"233","2001","05",2001-05-01,13301.394,0.00991932956888028,90.5335,-0.0300955511250477,1.8,4.3,0.3,177.3,0.0356308411214955,22.9440909090909,-0.0105199587866212
"234","2001","06",2001-06-01,13301.394,0.00991932956888028,90.0322,-0.0359628571550945,1.77,4.5,0.5,177.7,0.0319396051103368,20.9404761904762,0.0425488099211493
"235","2001","07",2001-07-01,13248.142,0.00487352367169329,89.4778,-0.0399789708596197,1.53,4.6,0.6,177.4,0.0272148233931674,22.3161904761905,0.106918097903062
"236","2001","08",2001-08-01,13248.142,0.00487352367169329,89.3838,-0.0385085791550897,1.48,4.9,0.800000000000001,177.4,0.0272148233931674,21.8617391304348,0.0648113637552226
"237","2001","09",2001-09-01,13248.142,0.00487352367169329,88.9262,-0.0474230691362813,2.2,5,1.1,178.1,0.0259216589861751,35.0653333333333,0.0290387986963106
"238","2001","10",2001-10-01,13284.881,0.00170642236422925,88.6365,-0.0469388259809747,2.25,5.3,1.4,177.6,0.0212765957446808,32.7213043478261,0.0862676984345583
"239","2001","11",2001-11-01,13284.881,0.00170642236422925,88.1058,-0.052765345320098,3,5.5,1.6,177.5,0.0189437428243399,26.6309523809524,0.10164968922502
"240","2001","12",2001-12-01,13284.881,0.00170642236422925,88.0897,-0.0501311209547676,3.33,5.7,1.8,177.4,0.016036655211913,23.72,0.12005683968185
"241","2002","01",2002-01-01,13394.91,0.0132881204842846,88.6706,-0.0383361495096817,3.31,5.7,1.5,177.7,0.0119589977220956,22.2528571428571,0.078379573027477
"242","2002","02",2002-02-01,13394.91,0.0132881204842846,88.6723,-0.0317641265192784,3.09,5.7,1.5,178,0.0113636363636364,22.8757894736842,0.0357715362372982
"243","2002","03",2002-03-01,13394.91,0.0132881204842846,89.3624,-0.0218298165323398,3.63,5.7,1.4,178.5,0.0136286201022147,18.985,-0.0712825058163168
"244","2002","04",2002-04-01,13477.356,0.0132288390224363,89.7933,-0.0140405393534786,3.34,5.9,1.5,179.3,0.0164399092970522,19.9004545454545,-0.0863981392755799
"245","2002","05",2002-05-01,13477.356,0.0132288390224363,90.1629,-0.00409351234625868,3.34,5.8,1.5,179.5,0.0124083474337281,20.0877272727273,-0.0469812967907007
"246","2002","06",2002-06-01,13477.356,0.0132288390224363,90.9078,0.0097254093535423,3.16,5.8,1.3,179.6,0.0106921778277997,25.271,-0.0198289105574303
"247","2002","07",2002-07-01,13531.741,0.0214066998979933,90.8761,0.0156273399658909,2.8,5.8,1.2,180,0.0146561443066516,34.0495454545455,-0.0617995109973656
"248","2002","08",2002-08-01,13531.741,0.0214066998979933,90.785,0.0156762187331485,2.45,5.7,0.8,180.5,0.0174746335963923,33.7427272727273,-0.0485740054849058
"249","2002","09",2002-09-01,13531.741,0.0214066998979933,90.8931,0.0221183408264382,2.06,5.7,0.7,180.8,0.0151600224592926,37.6475,-0.0857717428077795
"250","2002","10",2002-10-01,13549.421,0.0199128618464856,90.6289,0.0224783243923215,2.49,5.7,0.4,181.2,0.0202702702702702,35.2430434782609,-0.0458925598470788
"251","2002","11",2002-11-01,13549.421,0.0199128618464856,91.1366,0.0343995514483723,3,5.9,0.4,181.5,0.0225352112676056,28.175,0.0292457011380815
"252","2002","12",2002-12-01,13549.421,0.0199128618464856,90.6374,0.0289216559938336,2.61,6,0.3,181.8,0.0248027057497182,28.2104761904762,-0.0400765171696862
"253","2003","01",2003-01-01,13619.434,0.0167618894042587,91.3852,0.0306144313898858,2.82,5.8,0.0999999999999996,182.6,0.0275745638716939,27.4242857142857,-0.0415598608202475
"254","2003","02",2003-02-01,13619.434,0.0167618894042587,91.494,0.0318216624582873,2.51,5.9,0.2,183.6,0.0314606741573033,32.2184210526316,-0.014849155903081
"255","2003","03",2003-03-01,13619.434,0.0167618894042587,91.221,0.020798456621577,2.69,5.9,0.2,183.9,0.0302521008403362,30.6342857142857,0.030742312944888
"256","2003","04",2003-04-01,13741.107,0.0195699364177959,90.6448,0.00948289014881958,2.76,6,0.0999999999999996,183.2,0.0217512548800891,23.9919047619048,0.0790434960832464
"257","2003","05",2003-05-01,13741.107,0.0195699364177959,90.6163,0.00502867587444506,2.26,6.1,0.3,182.9,0.018941504178273,20.2395238095238,0.0624318225753873
"258","2003","06",2003-06-01,13741.107,0.0195699364177959,90.7372,-0.00187662664809833,2.64,6.3,0.5,183.1,0.0194877505567929,20.362380952381,-0.00104546701584778
"259","2003","07",2003-07-01,13970.157,0.0323990830152601,91.2028,0.00359500462717923,3.53,6.2,0.4,183.7,0.0205555555555555,19.1613636363636,-0.0279121215826588
"260","2003","08",2003-08-01,13970.157,0.0323990830152601,91.0119,0.00249931156027979,3.47,6.1,0.399999999999999,184.5,0.0221606648199446,19.2742857142857,-0.0511148335751304
"261","2003","09",2003-09-01,13970.157,0.0323990830152601,91.6355,0.00816783672247937,3.01,6.1,0.399999999999999,185.1,0.0237831858407079,19.532380952381,0.0642875103877664
"262","2003","10",2003-10-01,14131.379,0.0429507652024393,91.7372,0.0122289909730781,3.37,6,0.3,184.9,0.0204194260485652,18.0234782608696,-0.0119040929692007
"263","2003","11",2003-11-01,14131.379,0.0429507652024393,92.3505,0.0133195664529947,3.41,5.8,-0.100000000000001,185,0.0192837465564738,17.4010526315789,-0.0249228288887999
"264","2003","12",2003-12-01,14131.379,0.0429507652024393,92.4019,0.0194676811117706,3.32,5.7,-0.3,185.5,0.0203520352035203,16.8263636363636,-0.061366474021096
"265","2004","01",2004-01-01,14212.34,0.0435338208621592,92.5643,0.0129025268861917,3.24,5.7,-0.0999999999999996,186.3,0.0202628696604601,16.101,-0.0782160206596167
"266","2004","02",2004-02-01,14212.34,0.0435338208621592,93.1092,0.0176536166305987,3.03,5.6,-0.300000000000001,186.7,0.0168845315904139,15.9984210526316,-0.0829615246443235
"267","2004","03",2004-03-01,14212.34,0.0435338208621592,92.7403,0.0166551561592177,2.91,5.8,-0.100000000000001,187.1,0.0174007612833061,17.6873913043478,-0.0994483681468519
"268","2004","04",2004-04-01,14323.017,0.0423481164945444,93.1255,0.0273672621043899,3.55,5.6,-0.4,187.4,0.0229257641921398,15.6985714285714,-0.0624205744570399
"269","2004","05",2004-05-01,14323.017,0.0423481164945444,93.797,0.0351007489822471,3.58,5.6,-0.5,188.2,0.0289775833788955,17.705,-0.0780758482319994
"270","2004","06",2004-06-01,14323.017,0.0423481164945444,93.0677,0.025684063427128,3.29,5.6,-0.7,188.9,0.0316766794101584,15.3427272727273,-0.0309391253628046
"271","2004","07",2004-07-01,14457.832,0.0349083406865078,93.7646,0.0280890498975909,3.05,5.5,-0.7,189.1,0.0293957539466522,15.502380952381,-0.0250081448336174
"272","2004","08",2004-08-01,14457.832,0.0349083406865078,93.8516,0.031201414320545,2.54,5.4,-0.699999999999999,189.2,0.0254742547425474,16.6840909090909,-0.0285874000899346
"273","2004","09",2004-09-01,14457.832,0.0349083406865078,93.9393,0.0251409115462895,2.43,5.4,-0.699999999999999,189.8,0.0253916801728796,14.0928571428571,-0.0136089088709058
"274","2004","10",2004-10-01,14605.595,0.0335576591640489,94.8012,0.0333997549521894,2.14,5.5,-0.5,190.8,0.0319091400757166,14.9738095238095,-0.00799691132557022
"275","2004","11",2004-11-01,14605.595,0.0335576591640489,95.0379,0.0291000048727402,2.13,5.4,-0.399999999999999,191.7,0.0362162162162162,13.577619047619,0.00962268200700781
"276","2004","12",2004-12-01,14605.595,0.0335576591640489,95.7433,0.0361615940797755,2.02,5.4,-0.3,191.7,0.0334231805929919,12.4595454545455,0.0215614808920843
"277","2005","01",2005-01-01,14767.846,0.0390861744089995,96.1164,0.0383744056834006,1.63,5.3,-0.4,191.6,0.028448738593666,13.438,0.00243768320715464
"278","2005","02",2005-02-01,14767.846,0.0390861744089995,96.82,0.0398542786319718,1.6,5.4,-0.199999999999999,192.4,0.0305302624531335,11.7089473684211,-0.0191420194888739
"279","2005","03",2005-03-01,14767.846,0.0390861744089995,96.6725,0.0424001216299709,1.71,5.2,-0.6,193.1,0.0320684126135756,13.1263636363636,-0.0538234800490541
"280","2005","04",2005-04-01,14839.707,0.0360741036612608,96.8638,0.0401426032611905,1.31,5.2,-0.399999999999999,193.7,0.0336179295624332,14.4590476190476,-0.0401745503783244
"281","2005","05",2005-05-01,14839.707,0.0360741036612608,96.9622,0.0337452157318464,1.01,5.1,-0.5,193.6,0.0286928799149841,13.967619047619,0.0227902573481213
"282","2005","06",2005-06-01,14839.707,0.0360741036612608,97.353,0.0460449758616576,0.81,5,-0.6,193.7,0.0254102699841185,11.8686363636364,0.00188557208003947
"283","2005","07",2005-07-01,14956.291,0.0344767458910851,97.0425,0.034958822412723,0.86,5,-0.5,194.9,0.0306716023268113,11.049,-0.0140736169048728
"284","2005","08",2005-08-01,14956.291,0.0344767458910851,97.3856,0.0376551918134586,0.5,4.9,-0.5,196.1,0.0364693446088795,12.9513043478261,-0.0152445143681166
"285","2005","09",2005-09-01,14956.291,0.0344767458910851,95.509,0.0167097263871457,0.79,5,-0.4,198.8,0.047418335089568,12.6280952380952,0.0124675097692218
"286","2005","10",2005-10-01,15041.232,0.0298267205136114,96.6445,0.0194438467023624,0.59,5,-0.5,199.1,0.0435010482180293,14.937619047619,0.0498967775082832
"287","2005","11",2005-11-01,15041.232,0.0298267205136114,97.6736,0.0277331464605173,0.54,5,-0.4,198.1,0.0333854981742306,12.147619047619,0.0643560310493217
"288","2005","12",2005-12-01,15041.232,0.0298267205136114,98.2108,0.025772038356731,0.31,4.9,-0.5,198.1,0.0333854981742306,11.26,0.0393636133593405
"289","2006","01",2006-01-01,15244.088,0.0322485757232301,98.3353,0.0230855504367621,0.06,4.7,-0.6,199.3,0.0401878914405011,12.036,0.00115899757572385
"290","2006","02",2006-02-01,15244.088,0.0322485757232301,98.3412,0.0157116298285479,-0.07,4.8,-0.600000000000001,199.4,0.0363825363825364,12.4710526315789,0.0164388705530346
"291","2006","03",2006-03-01,15244.088,0.0322485757232301,98.5915,0.0198505262613463,0.23,4.7,-0.5,199.7,0.034179181771103,11.6939130434783,0.014437726272793
"292","2006","04",2006-04-01,15281.525,0.0297726902559464,98.9042,0.0210646288912886,0.3,4.7,-0.5,200.7,0.0361383582860093,11.8473684210526,-0.0342448796568199
"293","2006","05",2006-05-01,15281.525,0.0297726902559464,98.8999,0.0199840762688966,0.26,4.6,-0.5,201.3,0.0397727272727274,14.5780952380952,-0.0555582688260292
"294","2006","06",2006-06-01,15281.525,0.0297726902559464,99.209,0.0190646410485553,0.14,4.6,-0.4,201.8,0.0418172431595252,16.9186363636364,-0.0210699615212592
"295","2006","07",2006-07-01,15304.517,0.0232829115186379,99.1473,0.021689465955638,-0.11,4.7,-0.3,202.9,0.0410466906105695,15.326,-0.0396191801482146
"296","2006","08",2006-08-01,15304.517,0.0232829115186379,99.5815,0.0225485081983374,-0.31,4.7,-0.2,203.8,0.0392656807751148,13.3517391304348,-0.0467759447743739
"297","2006","09",2006-09-01,15304.517,0.0232829115186379,99.4133,0.0408788700541311,-0.25,4.5,-0.5,202.8,0.0201207243460765,12.1845,-0.00969368456350716
"298","2006","10",2006-10-01,15433.643,0.0260890198356092,99.2931,0.0274055947312056,-0.47,4.4,-0.6,201.9,0.0140632847815169,11.3063636363636,0.0119574058782029
"299","2006","11",2006-11-01,15433.643,0.0260890198356092,99.2376,0.016012515152508,-0.57,4.5,-0.5,202,0.0196870267541646,10.817619047619,0.000123173154651816
"300","2006","12",2006-12-01,15433.643,0.0260890198356092,100.2526,0.0207899742187213,-0.31,4.4,-0.5,203.1,0.0252397778899546,10.9645,-0.00178933063992479
"301","2007","01",2007-01-01,15478.956,0.0154071532518049,99.86,0.015505113626541,-0.29,4.6,-0.100000000000001,203.437,0.0207576517812343,11.0425,0.00844466967274303
"302","2007","02",2007-02-01,15478.956,0.0154071532518049,100.8096,0.0251003648521678,-0.6,4.5,-0.3,204.226,0.0242026078234704,11.1552631578947,0.00895630560100043
"303","2007","03",2007-03-01,15478.956,0.0154071532518049,101.0257,0.0246897552020205,-0.39,4.4,-0.3,205.288,0.0279819729594393,15.1627272727273,-0.0145742759374739
"304","2007","04",2007-04-01,15577.779,0.0193864159499789,101.7497,0.0287702645590379,-0.28,4.5,-0.2,205.904,0.0259292476332835,12.933,-0.0392586144127521
"305","2007","05",2007-05-01,15577.779,0.0193864159499789,101.8148,0.0294732350588828,0.17,4.4,-0.199999999999999,206.755,0.0270988574267262,13.2977272727273,-0.0227358200696364
"306","2007","06",2007-06-01,15577.779,0.0193864159499789,101.8424,0.0265439627453154,0.21,4.6,0,207.234,0.0269276511397423,14.947619047619,-0.0322386998074907
"307","2007","07",2007-07-01,15671.605,0.0239855985001029,101.7209,0.0259573382230277,-0.18,4.7,0,207.603,0.0231789058649581,17.2733333333333,-0.0575891245353066
"308","2007","08",2007-08-01,15671.605,0.0239855985001029,101.9639,0.0239241224524635,0.53,4.6,-0.100000000000001,207.667,0.0189744847890088,25.0260869565217,-0.031478960642014
"309","2007","09",2007-09-01,15671.605,0.0239855985001029,102.2023,0.0280545963165893,0.77,4.7,0.2,208.547,0.0283382642998027,22.1989473684211,-0.0150691989046561
"310","2007","10",2007-10-01,15767.146,0.0216088320819654,101.8873,0.0261266895685602,0.54,4.7,0.3,209.19,0.0361069836552749,19.115652173913,-0.0338275163100904
"311","2007","11",2007-11-01,15767.146,0.0216088320819654,102.4717,0.0325894620587358,0.82,4.7,0.2,210.834,0.0437326732673268,25.582380952381,-0.0201329346201235
"312","2007","12",2007-12-01,15767.146,0.0216088320819654,102.4621,0.0220393286558155,0.68,5,0.6,211.445,0.0410881339241753,21.651,-0.0294904328332047
"313","2008","01",2008-01-01,15702.906,0.0144680300144274,102.3148,0.0245824153815342,1.71,5,0.4,212.174,0.0429469565516597,25.8161904761905,-0.0419728555948504
"314","2008","02",2008-02-01,15702.906,0.0144680300144274,101.9384,0.0111973462844808,1.68,4.9,0.4,212.687,0.0414295927061198,25.456,-0.0296090051778048
"315","2008","03",2008-03-01,15702.906,0.0144680300144274,101.5904,0.00558966678775799,2.07,5.1,0.699999999999999,213.448,0.0397490355013444,27.1035,-0.0512599485411468
"316","2008","04",2008-04-01,15792.773,0.0138013255933339,100.9098,-0.00825456979234337,2.34,5,0.5,213.942,0.0390376097598882,21.5627272727273,-0.0311339659071963
"317","2008","05",2008-05-01,15792.773,0.0138013255933339,100.3073,-0.0148062953519528,2.17,5.4,1,215.208,0.0408841382312399,18.3033333333333,-0.0219130405178834
"318","2008","06",2008-06-01,15792.773,0.0138013255933339,100.0853,-0.0172531283630393,2.09,5.6,1,217.463,0.0493596610594786,22.1104761904762,-0.00266991180783718
"319","2008","07",2008-07-01,15709.562,0.00242202378122728,99.6124,-0.0207282869105563,2.31,5.8,1.1,219.016,0.0549751207834183,24.3222727272727,-0.00267259462077913
"320","2008","08",2008-08-01,15709.562,0.00242202378122728,98.0601,-0.0382860992959272,2.11,6.1,1.5,218.69,0.0530801716209123,20.6957142857143,0.0038849791883258
"321","2008","09",2008-09-01,15709.562,0.00242202378122728,93.8451,-0.0817711538781416,2.93,6.1,1.4,218.877,0.0495331987513607,30.297619047619,-0.0119547681229958
"322","2008","10",2008-10-01,15366.607,-0.0254033925987621,94.7036,-0.0705063339591883,3.55,6.5,1.8,216.995,0.037310578899565,61.1773913043478,0.0139598279436496
"323","2008","11",2008-11-01,15366.607,-0.0254033925987621,93.4737,-0.0878096098727747,2.92,6.8,2.1,213.153,0.0109991747061669,62.6689473684211,0.0162074862931151
"324","2008","12",2008-12-01,15366.607,-0.0254033925987621,90.825,-0.113574677856495,2.14,7.3,2.3,211.398,-0.000222280025538542,52.3559090909091,-0.0347902052648369
"325","2009","01",2009-01-01,15187.475,-0.0328239244379353,88.583,-0.134211277351859,2.63,7.8,2.8,211.933,-0.0011358601902213,44.683,-0.0386259217023436
"326","2009","02",2009-02-01,15187.475,-0.0328239244379353,88.0069,-0.136665868799196,2.76,8.3,3.4,212.705,8.46314067150352e-05,45.5705263157895,-0.0216938605986635
"327","2009","03",2009-03-01,15187.475,-0.0328239244379353,86.6045,-0.147512953979904,2.5,8.7,3.6,212.495,-0.00446478767662383,44.7954545454545,-0.00814385510358421
"328","2009","04",2009-04-01,15161.772,-0.0399550477930632,85.9406,-0.148342381017503,3.02,9,4,212.709,-0.00576324424376702,38.0638095238095,-0.00436358178366169
"329","2009","05",2009-05-01,15161.772,-0.0399550477930632,85.0635,-0.151970993138087,3.33,9.4,4,213.022,-0.0101576149585518,31.978,-0.0239211366386259
"330","2009","06",2009-06-01,15161.772,-0.0399550477930632,84.7841,-0.152881592002022,3.34,9.5,3.9,214.79,-0.0122917461821091,29.1404545454545,-0.0444177461547244
"331","2009","07",2009-07-01,15216.647,-0.031376750032878,85.7471,-0.139192510169417,3.34,9.5,3.7,214.726,-0.0195876100376228,26.1627272727273,-0.0159069962747162
"332","2009","08",2009-08-01,15216.647,-0.031376750032878,86.7094,-0.115752482406198,3.25,9.6,3.5,215.445,-0.0148383556632677,25.3371428571429,-0.0310019703497369
"333","2009","09",2009-09-01,15216.647,-0.031376750032878,87.4072,-0.068601344129848,3.17,9.8,3.7,215.861,-0.0137794286288647,24.9266666666667,-0.0383313635546583
"334","2009","10",2009-10-01,15379.155,0.000816575838765232,87.6595,-0.0743804881757399,3.36,10,3.5,216.509,-0.00223968294200336,24.2522727272727,-0.0569607849866518
"335","2009","11",2009-11-01,15379.155,0.000816575838765232,88.0061,-0.0584934585878166,3.15,9.9,3.1,217.234,0.0191458717447093,23.789,-0.0849498530090952
"336","2009","12",2009-12-01,15379.155,0.000816575838765232,88.2819,-0.0280000000000001,3.79,9.9,2.6,217.347,0.0281412312320836,21.2395454545455,-0.0676296635402731
"337","2010","01",2010-01-01,15456.059,0.0176845723202836,89.2744,0.00780510933249045,3.55,9.8,2,217.488,0.0262111138897671,20.6431578947368,-0.0984363211032604
"338","2010","02",2010-02-01,15456.059,0.0176845723202836,89.5648,0.0177020210915281,3.48,9.8,1.5,217.281,0.0215133635786653,22.54,-0.0532300080071839
"339","2010","03",2010-03-01,15456.059,0.0176845723202836,90.2296,0.0418581020616712,3.68,9.9,1.2,217.353,0.0228617143932799,17.7673913043478,-0.0864481428043973
"340","2010","04",2010-04-01,15605.628,0.0292746784478753,90.5689,0.0538546391344719,3.53,9.9,0.9,217.403,0.0220677075253045,17.4242857142857,-0.0980746398034543
"341","2010","05",2010-05-01,15605.628,0.0292746784478753,91.8247,0.0794841500761196,3.15,9.6,0.199999999999999,217.29,0.0200354892921858,31.9295,-0.0635753207546776
"342","2010","06",2010-06-01,15605.628,0.0292746784478753,92.007,0.0851916809873551,2.79,9.4,-0.0999999999999996,217.199,0.0112156059406863,29.9163636363636,-0.024137898190757
"343","2010","07",2010-07-01,15726.282,0.0334919381385399,92.3967,0.0775489783327948,2.79,9.4,-0.0999999999999996,217.605,0.013407784804821,25.5652380952381,-0.0259680919946682
"344","2010","08",2010-08-01,15726.282,0.0334919381385399,92.7118,0.0692243286195037,2.33,9.5,-0.0999999999999996,217.923,0.0115017753951125,24.7459090909091,-0.041073714674286
"345","2010","09",2010-09-01,15726.282,0.0334919381385399,92.9252,0.0631298108165003,2.37,9.5,-0.300000000000001,218.275,0.0111831224723318,22.517619047619,-0.0387356761260116
"346","2010","10",2010-10-01,15807.995,0.027884496905064,92.7115,0.0576320877942494,2.51,9.4,-0.6,219.035,0.0116669514893146,20.3733333333333,-0.0904264483644938
"347","2010","11",2010-11-01,15807.995,0.027884496905064,92.7535,0.0539439879735609,2.64,9.8,-0.0999999999999996,219.59,0.0108454477660035,20.0957142857143,-0.119152344712458
"348","2010","12",2010-12-01,15807.995,0.027884496905064,93.6492,0.0607972868730736,3.18,9.3,-0.6,220.472,0.0143779302221793,17.5695454545455,-0.13125009916143
"349","2011","01",2011-01-01,15769.911,0.0203060819061315,93.4768,0.0470728450709274,3.27,9.1,-0.700000000000001,221.187,0.0170078349150298,17.3155,-0.121632900831621
"350","2011","02",2011-02-01,15769.911,0.0203060819061315,93.0617,0.0390432402015077,3.27,9,-0.800000000000001,221.898,0.0212489817333314,17.43,-0.134158508500235
"351","2011","03",2011-03-01,15769.911,0.0203060819061315,94.0244,0.0420571519767349,3.38,9,-0.9,223.046,0.0261924151035412,20.7234782608696,-0.188512587949444
"352","2011","04",2011-04-01,15876.839,0.017379050686073,93.7011,0.0345836153469899,3.28,9.1,-0.800000000000001,224.093,0.0307723444478687,16.244,-0.178473459593916
"353","2011","05",2011-05-01,15876.839,0.017379050686073,93.849,0.0220452666875034,2.99,9,-0.6,224.806,0.0345897188089651,16.9114285714286,-0.144243314932334
"354","2011","06",2011-06-01,15876.839,0.017379050686073,94.0844,0.0225787168367624,3.15,9.1,-0.300000000000001,224.806,0.0350231815063605,19.1531818181818,-0.115284626160943
"355","2011","07",2011-07-01,15870.684,0.0091822084838616,94.5881,0.023717297262781,2.72,9,-0.4,225.395,0.0357988097699962,19.2275,-0.109044773506142
"356","2011","08",2011-08-01,15870.684,0.0091822084838616,95.1605,0.0264119561911213,2.21,9,-0.5,226.106,0.0375499603070809,35.0291304347826,-0.10010973176796
"357","2011","09",2011-09-01,15870.684,0.0091822084838616,95.0855,0.023247730432649,1.9,9,-0.5,226.597,0.0381262169281869,36.53,-0.104860248648835
"358","2011","10",2011-10-01,16048.702,0.0152269152413066,95.6902,0.0321287003230452,2.16,8.8,-0.6,226.75,0.0352226813066405,32.8290476190476,-0.0887505560271511
"359","2011","11",2011-11-01,16048.702,0.0152269152413066,95.7307,0.0320979801301298,2.07,8.6,-1.2,227.169,0.0345143221458172,31.9419047619048,-0.126196178355368
"360","2011","12",2011-12-01,16048.702,0.0152269152413066,96.2047,0.0272880067315045,1.87,8.5,-0.800000000000001,227.223,0.0306206683841939,25.047619047619,-0.128034652469528
"361","2012","01",2012-01-01,16179.968,0.0260024929753884,96.7772,0.035307156428119,1.77,8.3,-0.799999999999999,227.842,0.0300876633798551,20.228,-0.146003013257272
"362","2012","02",2012-02-01,16179.968,0.0260024929753884,97.051,0.0428672590335229,1.9,8.3,-0.699999999999999,228.329,0.0289817844234739,18.4205,-0.17411339126797
"363","2012","03",2012-03-01,16179.968,0.0260024929753884,96.5714,0.0270887131425459,2.16,8.2,-0.800000000000001,228.807,0.025828752813321,16.1672727272727,-0.18187606918045
"364","2012","04",2012-04-01,16253.726,0.0237381634971546,97.3139,0.0385566444790937,1.85,8.2,-0.9,229.187,0.0227316337413486,17.823,-0.155890700922755
"365","2012","05",2012-05-01,16253.726,0.0237381634971546,97.4669,0.0385502242964762,1.52,8.2,-0.800000000000001,228.713,0.0173794293746607,21.0018181818182,-0.14076047394546
"366","2012","06",2012-06-01,16253.726,0.0237381634971546,97.4577,0.0358539779176994,1.58,8.2,-0.9,228.524,0.0165387044829764,21.1309523809524,-0.0960884843658338
"367","2012","07",2012-07-01,16282.151,0.0259262297705632,97.6786,0.0326732432515296,1.4,8.2,-0.800000000000001,228.59,0.0141751147984649,17.562380952381,-0.114696195734874
"368","2012","08",2012-08-01,16282.151,0.0259262297705632,97.2842,0.0223170328024758,1.48,8.1,-0.9,229.918,0.0168593491548212,15.6895652173913,-0.149634007149417
"369","2012","09",2012-09-01,16282.151,0.0259262297705632,97.2295,0.0225481277376677,1.55,7.8,-1.2,231.015,0.0194971689828196,15.2847368421053,-0.162673775736544
"370","2012","10",2012-10-01,16300.035,0.0156606434588916,97.5344,0.0192726109883771,1.61,7.8,-1,231.638,0.0215567805953694,16.2761904761905,-0.131699599128986
"371","2012","11",2012-11-01,16300.035,0.0156606434588916,97.9837,0.0235347699327384,1.54,7.7,-0.899999999999999,231.249,0.0179601970339262,16.7019047619048,-0.12154562090741
"372","2012","12",2012-12-01,16300.035,0.0156606434588916,98.2122,0.020866963880143,1.73,7.9,-0.6,231.221,0.0175950497968955,17.3445,-0.134908882035647
"373","2013","01",2013-01-01,16441.485,0.0161630109528029,98.1664,0.0143546207164498,1.95,8,-0.300000000000001,231.679,0.0168406176209829,13.5052380952381,-0.182100888788283
"374","2013","02",2013-02-01,16441.485,0.0161630109528029,98.6458,0.0164325972942061,1.78,7.7,-0.600000000000001,232.937,0.0201814049025748,14.0726315789474,-0.190463665376548
"375","2013","03",2013-03-01,16441.485,0.0161630109528029,99.0597,0.0257664277415468,1.8,7.5,-0.699999999999999,232.282,0.0151874724112463,13.0315,-0.161207499230817
"376","2013","04",2013-04-01,16464.402,0.0129617049038477,98.9927,0.0172513895753844,1.65,7.6,-0.6,231.797,0.0113880804757686,13.9672727272727,-0.145722723453945
"377","2013","05",2013-05-01,16464.402,0.0129617049038477,99.0726,0.0164743107660139,2.12,7.5,-0.699999999999999,231.893,0.0139038882791971,13.4936363636364,-0.156314299587042
"378","2013","06",2013-06-01,16464.402,0.0129617049038477,99.2065,0.0179441952765149,2.48,7.5,-0.699999999999999,232.445,0.0171579352715688,17.2715,-0.168410387400111
"379","2013","07",2013-07-01,16594.743,0.0191984462003822,98.9204,0.0127131224239495,2.56,7.3,-0.899999999999999,232.9,0.0188547180541581,13.9745454545455,-0.197206686672614
"380","2013","08",2013-08-01,16594.743,0.0191984462003822,99.4996,0.0227724543142669,2.75,7.2,-0.899999999999999,233.456,0.0153880948860028,14.21,-0.2084955569012
"381","2013","09",2013-09-01,16594.743,0.0191984462003822,100.0568,0.0290786232573447,2.62,7.2,-0.6,233.544,0.010947341081748,14.692,-0.202037037717063
"382","2013","10",2013-10-01,16712.76,0.0253204977780722,99.9168,0.0244262537115109,2.53,7.2,-0.6,233.669,0.0087679914349114,15.4078260869565,-0.188419901355827
"383","2013","11",2013-11-01,16712.76,0.0253204977780722,100.1762,0.0223761707304378,2.69,6.9,-0.8,234.1,0.0123287019619544,12.924,-0.198738200550248
"384","2013","12",2013-12-01,16712.76,0.0253204977780722,100.3658,0.0219280293079678,2.97,6.7,-1.2,234.719,0.0151283836675734,14.192380952381,-0.235816827519217
"385","2014","01",2014-01-01,16654.247,0.0129405585930954,100.038,0.019065586595821,2.65,6.6,-1.4,235.288,0.0155775879557492,14.2409523809524,-0.235670324063073
"386","2014","02",2014-02-01,16654.247,0.0129405585930954,100.7918,0.021754600804089,2.61,6.7,-1,235.547,0.0112047463477249,15.47,-0.278598054308475
"387","2014","03",2014-03-01,16654.247,0.0129405585930954,101.7782,0.0274430469706651,2.68,6.7,-0.8,236.028,0.016126949139408,14.8366666666667,-0.281738977388224
"388","2014","04",2014-04-01,16868.109,0.0245199916765882,101.8337,0.028699085892192,2.64,6.2,-1.4,236.468,0.0201512530360617,14.1980952380952,-0.276286551901649
"389","2014","05",2014-05-01,16868.109,0.0245199916765882,102.2325,0.0318947923038258,2.44,6.3,-1.2,236.918,0.0216694768707982,12.4752380952381,-0.291935504316917
"390","2014","06",2014-06-01,16868.109,0.0245199916765882,102.5722,0.0339262044321692,2.49,6.1,-1.4,237.231,0.0205898169459442,11.5414285714286,-0.318452709125726
"391","2014","07",2014-07-01,17064.616,0.0283145692584696,102.8479,0.0397036405028689,2.55,6.2,-1.1,237.498,0.0197423787033061,12.2963636363636,-0.293058791361857
"392","2014","08",2014-08-01,17064.616,0.0283145692584696,102.6491,0.0316533935814818,2.32,6.1,-1.1,237.46,0.017150983482969,13.4919047619048,-0.267300150676949
"393","2014","09",2014-09-01,17064.616,0.0283145692584696,102.9858,0.0292733727242926,2.5,5.9,-1.3,237.477,0.0168405097112321,13.4666666666667,-0.251286905079396
"394","2014","10",2014-10-01,17141.235,0.0256375966626699,102.9911,0.0307685994747631,2.34,5.7,-1.5,237.43,0.0160954170215133,18.0586956521739,-0.228789759242121
"395","2014","11",2014-11-01,17141.235,0.0256375966626699,103.6669,0.0348456020491894,2.16,5.8,-1.1,236.983,0.0123152498932081,13.4131578947368,-0.223663819413236
"396","2014","12",2014-12-01,17141.235,0.0256375966626699,103.6139,0.0323626175450204,2.13,5.6,-1.1,236.252,0.0065312139196231,16.2922727272727,-0.23151621140533
"397","2015","01",2015-01-01,17280.647,0.0376120277308245,102.8479,0.0280883264359543,1.66,5.7,-0.899999999999999,234.747,-0.00229930978205432,19.1195,-0.21278020558403
"398","2015","02",2015-02-01,17280.647,0.0376120277308245,102.2292,0.0142610807625225,1.98,5.5,-1.2,235.342,-0.000870314629352036,15.9042105263158,-0.190239469715786
"399","2015","03",2015-03-01,17280.647,0.0376120277308245,101.8945,0.00114268084914054,1.91,5.4,-1.3,235.976,-0.000220312844238787,14.8127272727273,-0.171023852327245
"400","2015","04",2015-04-01,17380.875,0.030398546748779,101.2859,-0.00537935869952673,2.04,5.4,-0.8,236.222,-0.00104030989393906,13.4947619047619,-0.200229537876818
"401","2015","05",2015-05-01,17380.875,0.030398546748779,100.8408,-0.0136130878145404,2.11,5.6,-0.7,237.001,0.000350332182442864,13.3385,-0.228760750710302
"402","2015","06",2015-06-01,17380.875,0.030398546748779,100.5063,-0.0201409348731918,2.34,5.3,-0.8,237.657,0.00179571809755056,14.3395454545455,-0.230171373471932
"403","2015","07",2015-07-01,17437.08,0.0218266851126331,101.1831,-0.0161870101382721,2.12,5.2,-1,238.034,0.00225686111040936,14.3522727272727,-0.179377870698886
"404","2015","08",2015-08-01,17437.08,0.0218266851126331,100.9115,-0.0169275716981445,2.13,5.1,-1,238.033,0.00241303798534481,19.4280952380952,-0.162200263317294
"405","2015","09",2015-09-01,17437.08,0.0218266851126331,100.568,-0.0234770230458956,2.06,5,-0.9,237.498,8.84296163417366e-05,24.3771428571429,-0.171501976724256
"406","2015","10",2015-10-01,17462.579,0.0187468405864572,100.1588,-0.0275004345035639,2.08,5,-0.7,237.733,0.00127616560670512,16.7895454545455,-0.180737707998687
"407","2015","11",2015-11-01,17462.579,0.0187468405864572,99.4099,-0.0410642162541757,1.99,5.1,-0.7,238.017,0.0043631821691851,16.21,-0.168633271501444
"408","2015","12",2015-12-01,17462.579,0.0187468405864572,98.8329,-0.046142457720441,2.11,5,-0.6,237.761,0.00638724751536489,18.0254545454545,-0.151312606660417
"409","2016","01",2016-01-01,17565.465,0.016481906030486,99.4797,-0.0327493317802308,1.61,4.8,-0.9,237.652,0.0123750250269438,23.7178947368421,-0.140991633631164
"410","2016","02",2016-02-01,17565.465,0.016481906030486,98.9583,-0.0319957507248419,1.41,4.9,-0.6,237.336,0.00847277579012671,22.517,-0.136699696458508
"411","2016","03",2016-03-01,17565.465,0.016481906030486,98.1954,-0.036303235208966,1.57,5,-0.4,238.08,0.00891616096552197,15.8490909090909,-0.185343999075864
"412","2016","04",2016-04-01,17618.581,0.0136762965040597,98.4673,-0.0278281577198801,1.61,5.1,-0.300000000000001,238.992,0.0117262575035347,14.3004761904762,-0.207822146794779
"413","2016","05",2016-05-01,17618.581,0.0136762965040597,98.2889,-0.0253062252580305,1.5,4.8,-0.8,239.557,0.0107847646212463,14.8528571428571,-0.220245806814808
"414","2016","06",2016-06-01,17618.581,0.0136762965040597,98.7201,-0.0177720202614164,1.23,4.9,-0.399999999999999,240.222,0.0107928653479594,17.7745454545455,-0.210822943430231
"415","2016","07",2016-07-01,17724.489,0.0164826335602062,98.8992,-0.0225719512448225,1.18,4.8,-0.4,240.101,0.00868363343051836,13.1585,-0.203634709981839
"416","2016","08",2016-08-01,17724.489,0.0164826335602062,98.7249,-0.0216684916981712,1.25,4.9,-0.199999999999999,240.545,0.0105531585956569,12.3995652173913,-0.193250541324214
"417","2016","09",2016-09-01,17724.489,0.0164826335602062,98.606,-0.0195091878132209,1.31,5,0,241.176,0.0154864462016522,14.2195238095238,-0.182395923005846
"418","2016","10",2016-10-01,17812.56,0.0200417704624271,98.6703,-0.0148614000966465,1.5,4.9,-0.0999999999999996,241.741,0.0168592496624365,14.5852380952381,-0.252560871332817
"419","2016","11",2016-11-01,17812.56,0.0200417704624271,98.2288,-0.011881110432663,1.89,4.7,-0.399999999999999,242.026,0.016843334719789,15.2361904761905,-0.184290531840007
"420","2016","12",2016-12-01,17812.56,0.0200417704624271,98.8958,0.000636427748249814,1.94,4.7,-0.3,242.637,0.0205079891151198,12.472380952381,-0.252138843735962
"421","2017","01",2017-01-01,17896.623,0.0188527886964563,98.7446,-0.00738944729427198,1.93,4.7,-0.0999999999999996,243.618,0.0251039334825712,11.6085,-0.2669400137941
"422","2017","02",2017-02-01,17896.623,0.0188527886964563,98.3676,-0.00596918095803988,1.83,4.6,-0.300000000000001,244.006,0.0281036168132942,11.5305263157895,-0.280741587181822
"423","2017","03",2017-03-01,17896.623,0.0188527886964563,99.1065,0.00927843870486795,1.64,4.4,-0.6,243.892,0.0244119623655913,11.8978260869565,-0.233076631033375
"424","2017","04",2017-04-01,17996.802,0.0214671658290756,100.0363,0.0159342238489326,1.49,4.4,-0.699999999999999,244.193,0.0217622347191539,13.1363157894737,-0.225063962365902
"425","2017","05",2017-05-01,17996.802,0.0214671658290756,100.147,0.0189044744625284,1.23,4.4,-0.399999999999999,244.004,0.0185634316676198,10.8622727272727,-0.183635165355747
"426","2017","06",2017-06-01,17996.802,0.0214671658290756,100.3042,0.0160463775867325,1.28,4.3,-0.600000000000001,244.163,0.0164056580995912,10.5136363636364,-0.188064197941855
"427","2017","07",2017-07-01,18126.226,0.0226656463833737,100.2092,0.0132458098751052,1.23,4.3,-0.5,244.243,0.017251073506566,10.2645,-0.190878523073065
"428","2017","08",2017-08-01,18126.226,0.0226656463833737,99.7055,0.00993265123590903,1.11,4.4,-0.5,245.183,0.0192812155729697,11.975652173913,-0.231753087272843
"429","2017","09",2017-09-01,18126.226,0.0226656463833737,99.7485,0.0115865160335072,1.27,4.3,-0.7,246.435,0.0218056523037119,10.438,-0.196978794094324
"430","2017","10",2017-10-01,18296.685,0.0271788558185909,100.988,0.0234893377237122,1.23,4.2,-0.7,246.626,0.0202075775313248,10.1254545454545,-0.217630415246852
"431","2017","11",2017-11-01,18296.685,0.0271788558185909,101.273,0.0309909110159138,1.15,4.2,-0.5,247.284,0.0217249386429556,10.5404761904762,-0.275963714100672
"432","2017","12",2017-12-01,18296.685,0.0271788558185909,101.3696,0.0250142068722839,1.01,4.1,-0.600000000000001,247.805,0.0212993071955226,10.2645,-0.290712376928604
"433","2018","01",2018-01-01,18436.262,0.030153118831413,101.3561,0.0264470158368153,1.26,4,-0.7,248.743,0.0210370333883375,11.062380952381,-0.321468055149793
"434","2018","02",2018-02-01,18436.262,0.030153118831413,101.6495,0.0333636278612064,1.22,4.1,-0.5,249.439,0.0222658459218216,22.4647368421053,-0.348414983360888
"435","2018","03",2018-03-01,18436.262,0.030153118831413,102.298,0.0322027314051047,1.01,4,-0.4,249.581,0.0233258983484493,19.0238095238095,-0.332567731038505
"436","2018","04",2018-04-01,18590.004,0.0329615228305563,103.4095,0.033719759727219,1.08,4,-0.4,250.146,0.0243782581810288,18.267619047619,-0.325299986620741
"437","2018","05",2018-05-01,18590.004,0.0329615228305563,102.5408,0.0239028627916962,0.9,3.8,-0.600000000000001,250.779,0.0277659382633072,14.1245454545455,-0.287273496187807
"438","2018","06",2018-06-01,18590.004,0.0329615228305563,103.3045,0.0299120076726599,0.92,4,-0.3,251.118,0.0284850694003595,13.6780952380952,-0.285143332436707
"439","2018","07",2018-07-01,18679.599,0.0305288591237911,103.5474,0.0333123106461283,0.93,3.8,-0.5,251.323,0.0289875247192346,13.147619047619,-0.3102178616464
"440","2018","08",2018-08-01,18679.599,0.0305288591237911,104.1659,0.0447357467742501,0.75,3.8,-0.600000000000001,251.749,0.0267799969818462,12.5469565217391,-0.298096314891555
"441","2018","09",2018-09-01,18679.599,0.0305288591237911,104.1315,0.0439405103836147,0.86,3.7,-0.6,252.239,0.0235518493720454,12.9105263157895,-0.288309182616076
"442","2018","10",2018-10-01,18721.281,0.0232061709539186,103.9874,0.0297005584821958,0.81,3.8,-0.4,252.862,0.0252852497303609,19.3521739130435,-0.270531660872257
"443","2018","11",2018-11-01,18721.281,0.0232061709539186,103.9127,0.0260651901296496,0.64,3.8,-0.4,252.657,0.0217280535740283,19.3890476190476,-0.206236562171865
"444","2018","12",2018-12-01,18721.281,0.0232061709539186,103.867,0.0246365774354441,0.24,3.9,-0.2,252.551,0.019152155929057,24.9531578947368,-0.168615794421742
"445","2019","01",2019-01-01,18833.195,0.0215300151408133,103.3023,0.0192016070073731,0.22,4,0,252.47,0.0149833362144865,19.572380952381,-0.162928524397404
"446","2019","02",2019-02-01,18833.195,0.0215300151408133,102.728,0.0106099882439165,0.28,3.8,-0.3,253.135,0.0148172499087953,15.2305263157895,-0.164098999198513
"447","2019","03",2019-03-01,18833.195,0.0215300151408133,102.8635,0.00552796731118888,0.01,3.8,-0.2,254.273,0.0187995079753667,14.4852380952381,-0.214266085334444
"448","2019","04",2019-04-01,18982.528,0.0211147883561508,102.2543,-0.0111711206417205,0.08,3.6,-0.4,255.163,0.0200562871283172,12.9490476190476,-0.271868729893182
"449","2019","05",2019-05-01,18982.528,0.0211147883561508,102.4519,-0.000866971976033048,-0.21,3.6,-0.2,255.325,0.018127514664306,16.7218181818182,-0.258276616324042
"450","2019","06",2019-06-01,18982.528,0.0211147883561508,102.384,-0.00891055084725258,-0.12,3.6,-0.4,255.361,0.0168964391242364,15.836,-0.202989682393861
"451","2019","07",2019-07-01,19112.653,0.0231832599832577,102.0568,-0.0143953397188148,-0.06,3.7,-0.0999999999999996,255.9,0.0182116240853404,13.3059090909091,-0.21779324786637
"452","2019","08",2019-08-01,19112.653,0.0231832599832577,102.6882,-0.0141860244091396,-0.49,3.7,-0.0999999999999996,256.179,0.0175968921425705,18.9790909090909,-0.21039584736396
"453","2019","09",2019-09-01,19112.653,0.0231832599832577,102.3143,-0.0174510114614694,-0.2,3.5,-0.2,256.596,0.0172733003223134,15.559,-0.223360994190666
"454","2019","10",2019-10-01,19202.31,0.0256942353463955,101.4645,-0.0242615932314876,0.15,3.6,-0.2,257.305,0.0175708489215462,15.4665217391304,-0.195578384455474
"455","2019","11",2019-11-01,19202.31,0.0256942353463955,101.9876,-0.0185261281825994,0.19,3.6,-0.2,257.788,0.0203081648242479,12.5235,-0.225315924336853
"456","2019","12",2019-12-01,19202.31,0.0256942353463955,101.6179,-0.0216536532296109,0.37,3.6,-0.3,258.263,0.0226172139488657,13.7566666666667,-0.262416329217323
"457","2020","01",2020-01-01,18951.992,0.00630785164174208,101.0918,-0.0213983618951369,-0.04,3.5,-0.5,258.682,0.0246049035528974,13.9409523809524,-0.284890175253421
"458","2020","02",2020-02-01,18951.992,0.00630785164174208,101.3247,-0.0136603457674635,-0.14,3.5,-0.3,259.007,0.0231971082623897,19.6289473684211,-0.216255063592783
"459","2020","03",2020-03-01,18951.992,0.00630785164174208,97.4477,-0.0526503570265449,0.59,4.4,0.600000000000001,258.165,0.015306383296693,57.7368181818182,-0.208885777605524
"460","2020","04",2020-04-01,17258.205,-0.0908373742422504,84.2018,-0.176545142844849,0.55,14.7,11.1,256.094,0.00364864811904541,41.4538095238095,-0.257437657294844
"461","2020","05",2020-05-01,17258.205,-0.0908373742422504,85.8434,-0.162110219527407,0.51,13.2,9.6,255.944,0.00242436110839127,30.897,-0.26418700967568
"462","2020","06",2020-06-01,17258.205,-0.0908373742422504,91.1622,-0.109605016408814,0.5,11,7.4,257.217,0.00726814196372976,31.1195454545455,-0.303927987163325
"463","2020","07",2020-07-01,18560.774,-0.0288750598883367,94.8887,-0.0702363781737228,0.46,10.2,6.5,258.543,0.0103282532239156,26.8404545454545,-0.308103311314935
"464","2020","08",2020-08-01,18560.774,-0.0288750598883367,95.8924,-0.0661789767470849,0.61,8.4,4.7,259.58,0.013275873510319,22.8895238095238,-0.300360437244623
"465","2020","09",2020-09-01,18560.774,-0.0288750598883367,95.6019,-0.0656056875725094,0.59,7.9,4.4,260.19,0.0140064537249216,27.647619047619,-0.276407708630841
"466","2020","10",2020-10-01,18767.778,-0.0226291524300984,96.6454,-0.0474954294359111,0.79,6.9,3.3,260.352,0.0118419774197935,29.4386363636364,-0.28189779648867
"467","2020","11",2020-11-01,18767.778,-0.0226291524300984,97.1609,-0.0473263416336888,0.76,6.7,3.1,260.721,0.0113775660620354,24.9955,-0.280871394414412
"468","2020","12",2020-12-01,18767.778,-0.0226291524300984,98.2854,-0.0327944190934866,0.84,6.7,3.1,261.564,0.0127815443946676,22.3740909090909,-0.297379580327458
"469","2021","01",2021-01-01,19055.655,0.00546976803282739,99.4076,-0.0166601049738951,1.05,6.4,2.9,262.2,0.0135997092955829,24.91,-0.288866406866806
"470","2021","02",2021-02-01,19055.655,0.00546976803282739,96.3966,-0.0486367095091325,1.4,6.2,2.7,263.346,0.0167524429841664,23.1405263157895,-0.258614784247222
"471","2021","03",2021-03-01,19055.655,0.00546976803282739,99.1618,0.0175899482491634,1.71,6,1.6,265.028,0.0265837739430209,21.8430434782609,-0.267296479160321
"472","2021","04",2021-04-01,19368.31,0.12226677108077,99.2416,0.178616134096896,1.64,6,-8.7,266.727,0.0415199106578053,17.4161904761905,-0.252823626252364
"473","2021","05",2021-05-01,19368.31,0.12226677108077,99.9226,0.164010279182791,1.57,5.8,-7.4,268.599,0.0494444097146251,19.7605,-0.240004180097333
"474","2021","06",2021-06-01,19368.31,0.12226677108077,100.4704,0.102105916706705,1.4,5.9,-5.1,270.955,0.0534101556273497,16.9568181818182,-0.254745846276014
"475","2021","07",2021-07-01,19478.893,0.0494655556928821,101.1676,0.0661712090059195,1.18,5.4,-4.8,272.184,0.0527610494192456,17.6033333333333,-0.244938581424817
"476","2021","08",2021-08-01,19478.893,0.0494655556928821,101.0927,0.0542305751029278,1.26,5.2,-3.2,273.092,0.0520533168965252,17.4727272727273,-0.227555518635915
"477","2021","09",2021-09-01,19478.893,0.0494655556928821,99.8606,0.0445461857975626,1.48,4.7,-3.2,274.214,0.0538990737537953,19.8247619047619,-0.210824224772542
"478","2021","10",2021-10-01,19810.572,0.0555629973883963,101.2169,0.0473017857031995,1.5,4.6,-2.3,276.59,0.0623694075712881,17.8714285714286,-0.244872759443179
"479","2021","11",2021-11-01,19810.572,0.0555629973883963,102.0298,0.0501117218963595,1.38,4.2,-2.5,278.524,0.0682837209123929,18.5004761904762,-0.243416188021228
"480","2021","12",2021-12-01,19810.572,0.0555629973883963,101.6188,0.0339155154275202,1.46,3.9,-2.8,280.126,0.0709654233763054,21.3545454545455,-0.20833535474376
"481","2022","01",2022-01-01,19810.572,0.0555629973883963,103.0309,0.036448923422354,1.57,4,-2.4,281.933,0.0752593440122044,23.181,-0.214432587661161
"482","2022","02",2022-02-01,19810.572,0.0555629973883963,103.5811,0.0745306369726733,1.48,3.8,-2.4,284.182,0.079120244848982,25.7484210526316,-0.223769091374169
"483","2022","03",2022-03-01,19810.572,0.0555629973883963,103.5811,0.0745306369726733,1.48,3.8,-2.4,284.182,0.079120244848982,31.19,NA
